trial,worker,game,opponent,C_PARAM,DEPTH_LIMIT,PB_WEIGHT,EARLY_GAME_TARGET_LENGTH,result,survival,final_length,optuna_score
3,4,0,Vanilla,1.7175,11,14.5313,7,loss,0.1267,4,0.0315
3,4,1,Vanilla,1.7175,11,14.5313,7,win,0.19,5,0.7535
3,4,2,Heuristic,1.7175,11,14.5313,7,win,0.4167,20,0.9125
3,4,3,RahulMCTS,1.7175,11,14.5313,7,win,0.0267,4,0.7165
3,4,4,Heuristic,1.7175,11,14.5313,7,loss,0.1667,3,0.025
3,4,5,RahulMCTS,1.7175,11,14.5313,7,win,0.0633,4,0.722
3,4,6,RahulMCTS,1.7175,11,14.5313,7,win,0.0067,3,0.701
3,4,7,Heuristic,1.7175,11,14.5313,7,win,0.5867,14,0.9255
3,4,8,RahulMCTS,1.7175,11,14.5313,7,win,0.0333,3,0.705
3,4,9,Heuristic,1.7175,11,14.5313,7,loss,0.1033,4,0.028
3,4,10,Heuristic,1.7175,11,14.5313,7,loss,0.4767,10,0.159
3,4,11,RahulMCTS,1.7175,11,14.5313,7,win,0.0333,3,0.705
3,4,12,Vanilla,1.7175,11,14.5313,7,loss,0.2333,7,0.085
3,4,13,Heuristic,1.7175,11,14.5313,7,loss,0.0867,3,0.013
3,4,14,RahulMCTS,1.7175,11,14.5313,7,win,0.0067,3,0.701
3,4,15,Heuristic,1.7175,11,14.5313,7,win,0.4767,12,0.884
3,4,16,Vanilla,1.7175,11,14.5313,7,loss,0.4833,8,0.135
3,4,17,Vanilla,1.7175,11,14.5313,7,win,0.2933,6,0.7815
3,4,18,RahulMCTS,1.7175,11,14.5313,7,win,0.02,3,0.703
3,4,19,RahulMCTS,1.7175,11,14.5313,7,win,0.0333,4,0.7175
0,1,0,Heuristic,1.277,11,5.6246,17,win,0.4,13,0.885
0,1,1,RahulMCTS,1.277,11,5.6246,17,win,0.0067,3,0.701
0,1,2,Heuristic,1.277,11,5.6246,17,win,0.3067,9,0.821
0,1,3,Vanilla,1.277,11,5.6246,17,loss,0.12,4,0.0305
0,1,4,Heuristic,1.277,11,5.6246,17,win,0.2333,10,0.8225
0,1,5,Vanilla,1.277,11,5.6246,17,loss,0.29,8,0.106
0,1,6,Vanilla,1.277,11,5.6246,17,win,0.2,5,0.755
0,1,7,Vanilla,1.277,11,5.6246,17,win,0.1167,4,0.73
0,1,8,RahulMCTS,1.277,11,5.6246,17,win,0.0333,4,0.7175
0,1,9,Vanilla,1.277,11,5.6246,17,loss,0.2133,6,0.0695
0,1,10,Heuristic,1.277,11,5.6246,17,win,0.2733,6,0.7785
0,1,11,Heuristic,1.277,11,5.6246,17,loss,0.0967,3,0.0145
0,1,12,Vanilla,1.277,11,5.6246,17,loss,0.32,6,0.0855
0,1,13,Heuristic,1.277,11,5.6246,17,loss,0.38,6,0.0945
0,1,14,Vanilla,1.277,11,5.6246,17,win,0.1467,6,0.7595
0,1,15,Vanilla,1.277,11,5.6246,17,win,0.43,10,0.852
0,1,16,RahulMCTS,1.277,11,5.6246,17,win,0.0333,3,0.705
0,1,17,Heuristic,1.277,11,5.6246,17,loss,0.3633,7,0.1045
0,1,18,RahulMCTS,1.277,11,5.6246,17,win,0.0067,3,0.701
0,1,19,Vanilla,1.277,11,5.6246,17,win,0.3267,14,0.8865
5,3,0,Heuristic,0.4594,13,6.836,21,win,0.4867,10,0.8605
5,3,1,RahulMCTS,0.4594,13,6.836,21,win,0.0267,3,0.704
5,3,2,Vanilla,0.4594,13,6.836,21,loss,0.3567,8,0.116
5,3,3,Vanilla,0.4594,13,6.836,21,win,0.3767,10,0.844
5,3,4,RahulMCTS,0.4594,13,6.836,21,win,0.05,4,0.72
5,3,5,Vanilla,0.4594,13,6.836,21,win,0.2433,8,0.799
5,3,6,RahulMCTS,0.4594,13,6.836,21,win,0.0067,3,0.701
5,3,7,RahulMCTS,0.4594,13,6.836,21,win,0.0333,3,0.705
5,3,8,RahulMCTS,0.4594,13,6.836,21,win,0.0067,3,0.701
5,3,9,Vanilla,0.4594,13,6.836,21,win,0.3233,9,0.8235
5,3,10,RahulMCTS,0.4594,13,6.836,21,win,0.0867,5,0.738
5,3,11,Vanilla,0.4594,13,6.836,21,loss,0.1933,6,0.0665
5,3,12,RahulMCTS,0.4594,13,6.836,21,win,0.04,3,0.706
5,3,13,Vanilla,0.4594,13,6.836,21,win,0.3033,9,0.8205
5,3,14,Heuristic,0.4594,13,6.836,21,win,0.24,5,0.761
5,3,15,Heuristic,0.4594,13,6.836,21,loss,0.38,12,0.1695
5,3,16,RahulMCTS,0.4594,13,6.836,21,win,0.0333,3,0.705
5,3,17,Vanilla,0.4594,13,6.836,21,win,0.3733,7,0.806
5,3,18,Vanilla,0.4594,13,6.836,21,loss,0.4433,10,0.154
5,3,19,Vanilla,0.4594,13,6.836,21,loss,0.4767,10,0.159
4,7,0,Heuristic,2.2849,10,8.5522,16,loss,0.27,7,0.0905
4,7,1,Vanilla,2.2849,10,8.5522,16,loss,0.3633,9,0.1295
4,7,2,Heuristic,2.2849,10,8.5522,16,win,0.4133,9,0.837
4,7,3,Heuristic,2.2849,10,8.5522,16,loss,0.3467,6,0.0895
4,7,4,Vanilla,2.2849,10,8.5522,16,win,0.3467,8,0.8145
4,7,5,Heuristic,2.2849,10,8.5522,16,win,0.48,18,0.922
4,7,6,Vanilla,2.2849,10,8.5522,16,loss,0.06,3,0.009
4,7,7,RahulMCTS,2.2849,10,8.5522,16,win,0.0067,3,0.701
4,7,8,RahulMCTS,2.2849,10,8.5522,16,win,0.0333,3,0.705
4,7,9,Heuristic,2.2849,10,8.5522,16,loss,0.2267,5,0.059
4,7,10,Heuristic,2.2849,10,8.5522,16,loss,0.0933,7,0.064
4,7,11,Vanilla,2.2849,10,8.5522,16,win,0.4567,18,0.9185
4,7,12,Vanilla,2.2849,10,8.5522,16,win,0.2567,10,0.826
4,7,13,RahulMCTS,2.2849,10,8.5522,16,win,0.0067,3,0.701
4,7,14,RahulMCTS,2.2849,10,8.5522,16,win,0.0333,3,0.705
4,7,15,RahulMCTS,2.2849,10,8.5522,16,win,0.0067,3,0.701
4,7,16,Heuristic,2.2849,10,8.5522,16,loss,0.0567,4,0.021
4,7,17,Vanilla,2.2849,10,8.5522,16,loss,0.9167,15,0.2875
4,7,18,Heuristic,2.2849,10,8.5522,16,loss,0.06,4,0.0215
4,7,19,Heuristic,2.2849,10,8.5522,16,win,0.32,10,0.8355
2,2,0,RahulMCTS,1.1926,11,16.7819,23,win,0.0333,4,0.7175
2,2,1,Heuristic,1.1926,11,16.7819,23,loss,0.1333,4,0.0325
2,2,2,RahulMCTS,1.1926,11,16.7819,23,win,0.0333,4,0.7175
2,2,3,Vanilla,1.1926,11,16.7819,23,loss,0.0733,4,0.0235
2,2,4,RahulMCTS,1.1926,11,16.7819,23,win,0.05,4,0.72
2,2,5,RahulMCTS,1.1926,11,16.7819,23,win,0.0333,4,0.7175
2,2,6,Heuristic,1.1926,11,16.7819,23,win,0.2667,7,0.79
2,2,7,Vanilla,1.1926,11,16.7819,23,win,0.32,9,0.823
2,2,8,Vanilla,1.1926,11,16.7819,23,win,0.5833,11,0.8875
2,2,9,RahulMCTS,1.1926,11,16.7819,23,win,0.07,4,0.723
2,2,10,Heuristic,1.1926,11,16.7819,23,loss,0.2,8,0.0925
2,2,11,Heuristic,1.1926,11,16.7819,23,win,0.4533,11,0.868
2,2,12,Vanilla,1.1926,11,16.7819,23,loss,0.6567,11,0.1985
2,2,13,RahulMCTS,1.1926,11,16.7819,23,win,0.0067,3,0.701
2,2,14,Vanilla,1.1926,11,16.7819,23,loss,0.1167,4,0.03
2,2,15,Heuristic,1.1926,11,16.7819,23,loss,0.1333,3,0.02
2,2,16,Heuristic,1.1926,11,16.7819,23,win,0.41,13,0.8865
2,2,17,Vanilla,1.1926,11,16.7819,23,win,0.5633,12,0.897
2,2,18,Vanilla,1.1926,11,16.7819,23,win,0.3067,7,0.796
2,2,19,Vanilla,1.1926,11,16.7819,23,win,0.3433,7,0.8015
6,5,0,Heuristic,1.6814,3,2.4467,22,win,0.63,22,0.9445
6,5,1,Vanilla,1.6814,3,2.4467,22,loss,0.51,11,0.1765
6,5,2,Vanilla,1.6814,3,2.4467,22,loss,0.5467,12,0.1945
6,5,3,RahulMCTS,1.6814,3,2.4467,22,win,0.0067,3,0.701
6,5,4,Vanilla,1.6814,3,2.4467,22,win,0.4933,9,0.849
6,5,5,Heuristic,1.6814,3,2.4467,22,win,0.28,10,0.8295
6,5,6,RahulMCTS,1.6814,3,2.4467,22,win,0.0067,3,0.701
6,5,7,Heuristic,1.6814,3,2.4467,22,win,0.1733,6,0.7635
6,5,8,RahulMCTS,1.6814,3,2.4467,22,win,0.0333,4,0.7175
6,5,9,Vanilla,1.6814,3,2.4467,22,win,0.3167,12,0.86
6,5,10,RahulMCTS,1.6814,3,2.4467,22,win,0.0333,4,0.7175
6,5,11,RahulMCTS,1.6814,3,2.4467,22,win,0.0333,4,0.7175
6,5,12,Vanilla,1.6814,3,2.4467,22,win,0.4567,11,0.8685
6,5,13,Heuristic,1.6814,3,2.4467,22,win,0.3,11,0.845
6,5,14,RahulMCTS,1.6814,3,2.4467,22,win,0.0733,4,0.7235
6,5,15,Vanilla,1.6814,3,2.4467,22,win,0.32,13,0.873
6,5,16,Heuristic,1.6814,3,2.4467,22,loss,0.5367,11,0.1805
6,5,17,Vanilla,1.6814,3,2.4467,22,win,0.3,9,0.82
6,5,18,RahulMCTS,1.6814,3,2.4467,22,win,0.0067,3,0.701
6,5,19,Vanilla,1.6814,3,2.4467,22,win,0.1833,8,0.79
7,6,0,Vanilla,0.357,8,16.4752,23,loss,0.6233,15,0.2435
7,6,1,Heuristic,0.357,8,16.4752,23,win,0.58,13,0.912
7,6,2,Vanilla,0.357,8,16.4752,23,win,0.1833,5,0.7525
7,6,3,Heuristic,0.357,8,16.4752,23,loss,0.6033,22,0.2405
7,6,4,Heuristic,0.357,8,16.4752,23,win,0.4,10,0.8475
7,6,5,RahulMCTS,0.357,8,16.4752,23,win,0.05,4,0.72
7,6,6,RahulMCTS,0.357,8,16.4752,23,win,0.1,5,0.74
7,6,7,Vanilla,0.357,8,16.4752,23,loss,0.0867,4,0.0255
7,6,8,Heuristic,0.357,8,16.4752,23,loss,0.2533,5,0.063
7,6,9,Heuristic,0.357,8,16.4752,23,win,0.5067,14,0.9135
7,6,10,Vanilla,0.357,8,16.4752,23,loss,0.1867,6,0.0655
7,6,11,Vanilla,0.357,8,16.4752,23,win,0.42,14,0.9005
7,6,12,RahulMCTS,0.357,8,16.4752,23,win,0.0333,3,0.705
7,6,13,Vanilla,0.357,8,16.4752,23,win,0.33,10,0.837
7,6,14,Vanilla,0.357,8,16.4752,23,loss,0.0933,5,0.039
7,6,15,Vanilla,0.357,8,16.4752,23,loss,0.05,3,0.0075
7,6,16,RahulMCTS,0.357,8,16.4752,23,win,0.0467,3,0.707
7,6,17,Vanilla,0.357,8,16.4752,23,loss,0.34,9,0.126
7,6,18,Heuristic,0.357,8,16.4752,23,loss,1.2567,39,0.3385
7,6,19,RahulMCTS,0.357,8,16.4752,23,win,0.0333,3,0.705
9,1,0,Heuristic,0.4858,9,1.4888,17,loss,0.1333,3,0.02
9,1,1,Vanilla,0.4858,9,1.4888,17,win,0.2467,7,0.787
9,1,2,Vanilla,0.4858,9,1.4888,17,win,0.3433,10,0.839
9,1,3,Heuristic,0.4858,9,1.4888,17,loss,0.3033,6,0.083
9,1,4,RahulMCTS,0.4858,9,1.4888,17,win,0.0067,3,0.701
9,1,5,Vanilla,0.4858,9,1.4888,17,loss,0.1133,5,0.042
9,1,6,RahulMCTS,0.4858,9,1.4888,17,win,0.0333,3,0.705
9,1,7,RahulMCTS,0.4858,9,1.4888,17,win,0.0333,4,0.7175
9,1,8,RahulMCTS,0.4858,9,1.4888,17,win,0.0333,3,0.705
9,1,9,Heuristic,0.4858,9,1.4888,17,win,0.4867,18,0.923
9,1,10,RahulMCTS,0.4858,9,1.4888,17,win,0.0067,3,0.701
9,1,11,RahulMCTS,0.4858,9,1.4888,17,win,0.0333,4,0.7175
9,1,12,Vanilla,0.4858,9,1.4888,17,win,0.04,5,0.731
9,1,13,RahulMCTS,0.4858,9,1.4888,17,win,0.0633,4,0.722
9,1,14,RahulMCTS,0.4858,9,1.4888,17,win,0.0333,3,0.705
9,1,15,RahulMCTS,0.4858,9,1.4888,17,win,0.0067,3,0.701
9,1,16,RahulMCTS,0.4858,9,1.4888,17,win,0.0067,3,0.701
9,1,17,Vanilla,0.4858,9,1.4888,17,loss,0.45,10,0.155
9,1,18,Vanilla,0.4858,9,1.4888,17,loss,0.21,3,0.0315
9,1,19,RahulMCTS,0.4858,9,1.4888,17,win,0.0067,3,0.701
1,0,0,Vanilla,1.3157,9,5.7927,22,win,0.5367,9,0.8555
1,0,1,RahulMCTS,1.3157,9,5.7927,22,win,0.0333,3,0.705
1,0,2,Heuristic,1.3157,9,5.7927,22,win,0.2267,7,0.784
1,0,3,Vanilla,1.3157,9,5.7927,22,loss,0.68,17,0.252
1,0,4,Vanilla,1.3157,9,5.7927,22,win,0.8333,16,0.975
1,0,5,Heuristic,1.3157,9,5.7927,22,win,0.3067,11,0.846
1,0,6,Vanilla,1.3157,9,5.7927,22,win,0.7967,21,0.9695
1,0,7,Heuristic,1.3157,9,5.7927,22,win,0.4867,14,0.9105
1,0,8,RahulMCTS,1.3157,9,5.7927,22,win,0.0067,3,0.701
1,0,9,Vanilla,1.3157,9,5.7927,22,loss,0.7333,16,0.26
1,0,10,Heuristic,1.3157,9,5.7927,22,win,0.9133,25,0.987
1,0,11,Heuristic,1.3157,9,5.7927,22,win,0.4333,11,0.865
1,0,12,RahulMCTS,1.3157,9,5.7927,22,win,0.0333,3,0.705
1,0,13,Heuristic,1.3157,9,5.7927,22,win,0.72,14,0.9455
1,0,14,Vanilla,1.3157,9,5.7927,22,draw,0.26,9,0.114
1,0,15,RahulMCTS,1.3157,9,5.7927,22,win,0.0267,3,0.704
1,0,16,Vanilla,1.3157,9,5.7927,22,win,0.17,6,0.763
1,0,17,Heuristic,1.3157,9,5.7927,22,loss,0.95,27,0.2925
1,0,18,RahulMCTS,1.3157,9,5.7927,22,win,0.0567,5,0.7335
1,0,19,RahulMCTS,1.3157,9,5.7927,22,win,0.0333,3,0.705
8,4,0,Vanilla,1.391,9,16.9343,7,loss,0.1333,4,0.0325
8,4,1,RahulMCTS,1.391,9,16.9343,7,win,0.1067,5,0.741
8,4,2,RahulMCTS,1.391,9,16.9343,7,win,0.04,4,0.7185
8,4,3,Heuristic,1.391,9,16.9343,7,win,0.38,8,0.8195
8,4,4,Heuristic,1.391,9,16.9343,7,loss,0.2967,12,0.157
8,4,5,RahulMCTS,1.391,9,16.9343,7,win,0.0067,3,0.701
8,4,6,RahulMCTS,1.391,9,16.9343,7,win,0.0067,3,0.701
8,4,7,RahulMCTS,1.391,9,16.9343,7,win,0.0067,3,0.701
8,4,8,RahulMCTS,1.391,9,16.9343,7,win,0.0333,4,0.7175
8,4,9,RahulMCTS,1.391,9,16.9343,7,win,0.0367,4,0.718
8,4,10,Heuristic,1.391,9,16.9343,7,loss,0.2133,3,0.032
8,4,11,Vanilla,1.391,9,16.9343,7,win,0.3067,10,0.8335
8,4,12,Heuristic,1.391,9,16.9343,7,win,0.76,22,0.964
8,4,13,RahulMCTS,1.391,9,16.9343,7,win,0.0667,4,0.7225
8,4,14,Vanilla,1.391,9,16.9343,7,loss,0.3667,8,0.1175
8,4,15,RahulMCTS,1.391,9,16.9343,7,win,0.01,3,0.7015
8,4,16,Heuristic,1.391,9,16.9343,7,loss,0.95,24,0.2925
8,4,17,RahulMCTS,1.391,9,16.9343,7,win,0.0333,4,0.7175
8,4,18,Heuristic,1.391,9,16.9343,7,win,0.28,6,0.7795
8,4,19,RahulMCTS,1.391,9,16.9343,7,win,0.0567,4,0.721
12,2,0,Vanilla,2.9496,3,8.9702,23,loss,0.4233,11,0.1635
12,2,1,RahulMCTS,2.9496,3,8.9702,23,win,0.0133,3,0.702
12,2,2,RahulMCTS,2.9496,3,8.9702,23,win,0.0333,4,0.7175
12,2,3,Heuristic,2.9496,3,8.9702,23,win,0.4533,14,0.9055
12,2,4,Vanilla,2.9496,3,8.9702,23,win,0.13,4,0.732
12,2,5,Heuristic,2.9496,3,8.9702,23,win,0.32,12,0.8605
12,2,6,Vanilla,2.9496,3,8.9702,23,win,0.3033,9,0.8205
12,2,7,RahulMCTS,2.9496,3,8.9702,23,win,0.0333,3,0.705
12,2,8,Heuristic,2.9496,3,8.9702,23,win,0.3667,10,0.8425
12,2,9,RahulMCTS,2.9496,3,8.9702,23,win,0.0067,3,0.701
12,2,10,RahulMCTS,2.9496,3,8.9702,23,win,0.0067,4,0.7135
12,2,11,Vanilla,2.9496,3,8.9702,23,win,0.3233,12,0.861
12,2,12,RahulMCTS,2.9496,3,8.9702,23,win,0.0333,4,0.7175
12,2,13,Vanilla,2.9496,3,8.9702,23,win,0.25,8,0.8
12,2,14,Vanilla,2.9496,3,8.9702,23,loss,0.3367,11,0.1505
12,2,15,RahulMCTS,2.9496,3,8.9702,23,win,0.0067,3,0.701
12,2,16,Heuristic,2.9496,3,8.9702,23,win,0.2133,8,0.7945
12,2,17,Vanilla,2.9496,3,8.9702,23,loss,0.4667,11,0.17
12,2,18,Heuristic,2.9496,3,8.9702,23,loss,0.3333,10,0.1375
12,2,19,RahulMCTS,2.9496,3,8.9702,23,win,0.0067,3,0.701
11,7,0,Vanilla,2.5492,10,13.3483,25,loss,0.5033,9,0.1505
11,7,1,RahulMCTS,2.5492,10,13.3483,25,win,0.0467,4,0.7195
11,7,2,Heuristic,2.5492,10,13.3483,25,win,0.3233,9,0.8235
11,7,3,Vanilla,2.5492,10,13.3483,25,win,0.43,9,0.8395
11,7,4,Heuristic,2.5492,10,13.3483,25,win,0.4533,12,0.8805
11,7,5,RahulMCTS,2.5492,10,13.3483,25,win,0.06,5,0.734
11,7,6,Heuristic,2.5492,10,13.3483,25,loss,0.0867,4,0.0255
11,7,7,Vanilla,2.5492,10,13.3483,25,loss,0.76,19,0.264
11,7,8,RahulMCTS,2.5492,10,13.3483,25,win,0.0067,3,0.701
11,7,9,Vanilla,2.5492,10,13.3483,25,win,0.0767,5,0.7365
11,7,10,RahulMCTS,2.5492,10,13.3483,25,win,0.0067,3,0.701
11,7,11,RahulMCTS,2.5492,10,13.3483,25,win,0.0333,3,0.705
11,7,12,Heuristic,2.5492,10,13.3483,25,win,0.2633,9,0.8145
11,7,13,Heuristic,2.5492,10,13.3483,25,win,0.3,8,0.8075
11,7,14,Heuristic,2.5492,10,13.3483,25,draw,0.2833,5,0.0675
11,7,15,Vanilla,2.5492,10,13.3483,25,loss,0.1667,7,0.075
11,7,16,RahulMCTS,2.5492,10,13.3483,25,win,0.0067,3,0.701
11,7,17,Heuristic,2.5492,10,13.3483,25,win,0.32,9,0.823
11,7,18,RahulMCTS,2.5492,10,13.3483,25,win,0.0067,3,0.701
11,7,19,RahulMCTS,2.5492,10,13.3483,25,win,0.0333,3,0.705
13,5,0,RahulMCTS,1.1153,11,2.1762,13,win,0.0167,3,0.7025
13,5,1,Heuristic,1.1153,11,2.1762,13,win,0.5867,14,0.9255
13,5,2,RahulMCTS,1.1153,11,2.1762,13,win,0.0067,3,0.701
13,5,3,Heuristic,1.1153,11,2.1762,13,draw,0.2967,6,0.082
13,5,4,Vanilla,1.1153,11,2.1762,13,loss,0.2167,6,0.07
13,5,5,Heuristic,1.1153,11,2.1762,13,win,0.2433,10,0.824
13,5,6,Heuristic,1.1153,11,2.1762,13,loss,0.0733,3,0.011
13,5,7,Heuristic,1.1153,11,2.1762,13,loss,0.1733,4,0.0385
13,5,8,RahulMCTS,1.1153,11,2.1762,13,win,0.0067,3,0.701
13,5,9,RahulMCTS,1.1153,11,2.1762,13,win,0.0733,5,0.736
13,5,10,Vanilla,1.1153,11,2.1762,13,win,0.1067,5,0.741
13,5,11,Heuristic,1.1153,11,2.1762,13,loss,0.1467,3,0.022
13,5,12,Heuristic,1.1153,11,2.1762,13,win,0.8467,20,0.977
13,5,13,Vanilla,1.1153,11,2.1762,13,win,0.32,12,0.8605
13,5,14,RahulMCTS,1.1153,11,2.1762,13,win,0.0333,3,0.705
13,5,15,Heuristic,1.1153,11,2.1762,13,win,0.2467,8,0.7995
13,5,16,RahulMCTS,1.1153,11,2.1762,13,win,0.1567,5,0.7485
13,5,17,Vanilla,1.1153,11,2.1762,13,loss,0.54,15,0.231
13,5,18,Vanilla,1.1153,11,2.1762,13,win,0.3533,9,0.828
13,5,19,Heuristic,1.1153,11,2.1762,13,loss,0.0933,4,0.0265
14,6,0,Heuristic,1.5116,3,7.5492,14,loss,0.4267,15,0.214
14,6,1,Vanilla,1.5116,3,7.5492,14,win,0.4733,10,0.8585
14,6,2,Vanilla,1.5116,3,7.5492,14,win,0.22,10,0.8205
14,6,3,RahulMCTS,1.5116,3,7.5492,14,win,0.0067,3,0.701
14,6,4,RahulMCTS,1.5116,3,7.5492,14,win,0.0067,3,0.701
14,6,5,Heuristic,1.5116,3,7.5492,14,win,0.27,8,0.803
14,6,6,Vanilla,1.5116,3,7.5492,14,win,0.27,10,0.828
14,6,7,RahulMCTS,1.5116,3,7.5492,14,win,0.0133,3,0.702
14,6,8,Vanilla,1.5116,3,7.5492,14,win,0.28,10,0.8295
14,6,9,Heuristic,1.5116,3,7.5492,14,win,0.5067,14,0.9135
14,6,10,Heuristic,1.5116,3,7.5492,14,loss,0.35,16,0.2025
14,6,11,RahulMCTS,1.5116,3,7.5492,14,win,0.0233,3,0.7035
14,6,12,Vanilla,1.5116,3,7.5492,14,loss,0.6267,17,0.244
14,6,13,RahulMCTS,1.5116,3,7.5492,14,win,0.0067,3,0.701
14,6,14,Heuristic,1.5116,3,7.5492,14,win,0.3,13,0.87
14,6,15,RahulMCTS,1.5116,3,7.5492,14,win,0.0133,3,0.702
14,6,16,RahulMCTS,1.5116,3,7.5492,14,win,0.0333,4,0.7175
14,6,17,RahulMCTS,1.5116,3,7.5492,14,win,0.05,4,0.72
14,6,18,Heuristic,1.5116,3,7.5492,14,win,0.3467,12,0.8645
14,6,19,Vanilla,1.5116,3,7.5492,14,win,0.5367,14,0.918
15,1,0,RahulMCTS,1.6714,10,13.9394,12,win,0.0067,3,0.701
15,1,1,RahulMCTS,1.6714,10,13.9394,12,win,0.0067,3,0.701
15,1,2,RahulMCTS,1.6714,10,13.9394,12,win,0.0067,3,0.701
15,1,3,Vanilla,1.6714,10,13.9394,12,loss,0.5433,13,0.2065
15,1,4,RahulMCTS,1.6714,10,13.9394,12,win,0.1567,5,0.7485
15,1,5,RahulMCTS,1.6714,10,13.9394,12,win,0.0667,4,0.7225
15,1,6,RahulMCTS,1.6714,10,13.9394,12,win,0.0367,4,0.718
15,1,7,Heuristic,1.6714,10,13.9394,12,loss,0.4267,8,0.1265
15,1,8,Heuristic,1.6714,10,13.9394,12,win,0.74,16,0.961
15,1,9,RahulMCTS,1.6714,10,13.9394,12,win,0.0333,3,0.705
15,1,10,RahulMCTS,1.6714,10,13.9394,12,win,0.0067,3,0.701
15,1,11,RahulMCTS,1.6714,10,13.9394,12,win,0.0333,3,0.705
15,1,12,Vanilla,1.6714,10,13.9394,12,loss,0.1267,5,0.044
15,1,13,Vanilla,1.6714,10,13.9394,12,win,0.52,8,0.8405
15,1,14,Heuristic,1.6714,10,13.9394,12,loss,0.34,10,0.1385
15,1,15,Vanilla,1.6714,10,13.9394,12,loss,0.4167,8,0.125
15,1,16,RahulMCTS,1.6714,10,13.9394,12,loss,0.0667,3,0.01
15,1,17,Heuristic,1.6714,10,13.9394,12,win,0.2333,5,0.76
15,1,18,Vanilla,1.6714,10,13.9394,12,win,0.1967,7,0.7795
15,1,19,Heuristic,1.6714,10,13.9394,12,loss,0.37,12,0.168
16,0,0,Heuristic,1.0149,10,2.1771,6,loss,0.0667,3,0.01
16,0,1,Heuristic,1.0149,10,2.1771,6,loss,0.14,3,0.021
16,0,2,Heuristic,1.0149,10,2.1771,6,win,0.5667,14,0.9225
16,0,3,RahulMCTS,1.0149,10,2.1771,6,win,0.0133,3,0.702
16,0,4,Vanilla,1.0149,10,2.1771,6,loss,0.0767,3,0.0115
16,0,5,Heuristic,1.0149,10,2.1771,6,win,0.3667,11,0.855
16,0,6,Heuristic,1.0149,10,2.1771,6,win,0.34,7,0.801
16,0,7,Vanilla,1.0149,10,2.1771,6,win,0.4733,14,0.9085
16,0,8,Vanilla,1.0149,10,2.1771,6,loss,0.19,5,0.0535
16,0,9,Heuristic,1.0149,10,2.1771,6,win,0.4533,13,0.893
16,0,10,RahulMCTS,1.0149,10,2.1771,6,win,0.0333,4,0.7175
16,0,11,Vanilla,1.0149,10,2.1771,6,win,0.25,6,0.775
16,0,12,RahulMCTS,1.0149,10,2.1771,6,win,0.0933,4,0.7265
16,0,13,Heuristic,1.0149,10,2.1771,6,loss,0.3667,10,0.1425
16,0,14,Vanilla,1.0149,10,2.1771,6,loss,0.29,6,0.081
16,0,15,RahulMCTS,1.0149,10,2.1771,6,win,0.0067,3,0.701
16,0,16,Vanilla,1.0149,10,2.1771,6,loss,0.34,4,0.0635
16,0,17,Vanilla,1.0149,10,2.1771,6,loss,0.2,5,0.055
16,0,18,Vanilla,1.0149,10,2.1771,6,loss,0.4033,11,0.1605
16,0,19,RahulMCTS,1.0149,10,2.1771,6,win,0.0067,3,0.701
10,3,0,Heuristic,0.8008,10,13.1997,7,win,1.2533,42,1.038
10,3,1,Heuristic,0.8008,10,13.1997,7,loss,0.32,10,0.1355
10,3,2,Vanilla,0.8008,10,13.1997,7,win,0.1233,4,0.731
10,3,3,Heuristic,0.8008,10,13.1997,7,loss,0.2967,5,0.0695
10,3,4,Vanilla,0.8008,10,13.1997,7,loss,0.1,4,0.0275
10,3,5,Vanilla,0.8008,10,13.1997,7,win,0.17,7,0.7755
10,3,6,Vanilla,0.8008,10,13.1997,7,loss,0.2833,6,0.08
10,3,7,Vanilla,0.8008,10,13.1997,7,loss,0.0667,4,0.0225
10,3,8,Vanilla,0.8008,10,13.1997,7,win,0.38,7,0.807
10,3,9,Vanilla,0.8008,10,13.1997,7,loss,0.7467,15,0.262
10,3,10,Heuristic,0.8008,10,13.1997,7,loss,0.23,5,0.0595
10,3,11,Vanilla,0.8008,10,13.1997,7,loss,0.8033,15,0.2705
10,3,12,RahulMCTS,0.8008,10,13.1997,7,win,0.0133,3,0.702
10,3,13,Heuristic,0.8008,10,13.1997,7,win,0.8733,27,0.981
10,3,14,Heuristic,0.8008,10,13.1997,7,loss,0.4167,12,0.175
10,3,15,RahulMCTS,0.8008,10,13.1997,7,win,0.0333,4,0.7175
10,3,16,Heuristic,0.8008,10,13.1997,7,loss,0.5567,12,0.196
10,3,17,Vanilla,0.8008,10,13.1997,7,loss,0.7767,13,0.2415
10,3,18,Vanilla,0.8008,10,13.1997,7,loss,0.45,8,0.13
10,3,19,Heuristic,0.8008,10,13.1997,7,win,0.64,27,0.946
17,4,0,Vanilla,2.6619,6,12.2977,11,win,0.3433,9,0.8265
17,4,1,RahulMCTS,2.6619,6,12.2977,11,win,0.0767,5,0.7365
17,4,2,Vanilla,2.6619,6,12.2977,11,loss,0.28,9,0.117
17,4,3,Vanilla,2.6619,6,12.2977,11,win,0.5,10,0.8625
17,4,4,Heuristic,2.6619,6,12.2977,11,loss,0.3767,10,0.144
17,4,5,Heuristic,2.6619,6,12.2977,11,win,0.1933,8,0.7915
17,4,6,RahulMCTS,2.6619,6,12.2977,11,win,0.0367,3,0.7055
17,4,7,RahulMCTS,2.6619,6,12.2977,11,loss,0.3233,5,0.0735
17,4,8,RahulMCTS,2.6619,6,12.2977,11,win,0.0333,4,0.7175
17,4,9,Heuristic,2.6619,6,12.2977,11,loss,0.1867,4,0.0405
17,4,10,Vanilla,2.6619,6,12.2977,11,win,0.4033,15,0.9105
17,4,11,Vanilla,2.6619,6,12.2977,11,win,0.4733,14,0.9085
17,4,12,Heuristic,2.6619,6,12.2977,11,win,0.4067,10,0.8485
17,4,13,Vanilla,2.6619,6,12.2977,11,win,0.49,11,0.8735
17,4,14,Vanilla,2.6619,6,12.2977,11,win,0.51,11,0.8765
17,4,15,RahulMCTS,2.6619,6,12.2977,11,win,0.1367,5,0.7455
17,4,16,Heuristic,2.6619,6,12.2977,11,win,0.3933,10,0.8465
17,4,17,Heuristic,2.6619,6,12.2977,11,win,0.4467,13,0.892
17,4,18,Vanilla,2.6619,6,12.2977,11,loss,0.45,9,0.1425
17,4,19,Vanilla,2.6619,6,12.2977,11,win,0.2267,8,0.7965
20,5,0,RahulMCTS,1.8319,6,4.5361,20,win,0.0067,3,0.701
20,5,1,Heuristic,1.8319,6,4.5361,20,win,0.3033,11,0.8455
20,5,2,RahulMCTS,1.8319,6,4.5361,20,win,0.0067,3,0.701
20,5,3,Vanilla,1.8319,6,4.5361,20,win,0.3767,10,0.844
20,5,4,Vanilla,1.8319,6,4.5361,20,loss,0.3333,6,0.0875
20,5,5,Vanilla,1.8319,6,4.5361,20,loss,0.31,8,0.109
20,5,6,RahulMCTS,1.8319,6,4.5361,20,win,0.01,3,0.7015
20,5,7,RahulMCTS,1.8319,6,4.5361,20,win,0.0333,4,0.7175
20,5,8,Heuristic,1.8319,6,4.5361,20,win,0.38,9,0.832
20,5,9,RahulMCTS,1.8319,6,4.5361,20,win,0.0333,4,0.7175
20,5,10,RahulMCTS,1.8319,6,4.5361,20,win,0.0067,3,0.701
20,5,11,Heuristic,1.8319,6,4.5361,20,loss,0.1,4,0.0275
20,5,12,Vanilla,1.8319,6,4.5361,20,win,0.1867,8,0.7905
20,5,13,Vanilla,1.8319,6,4.5361,20,loss,0.5833,17,0.2375
20,5,14,Heuristic,1.8319,6,4.5361,20,win,0.42,11,0.863
20,5,15,RahulMCTS,1.8319,6,4.5361,20,win,0.0067,3,0.701
20,5,16,Heuristic,1.8319,6,4.5361,20,loss,0.3733,10,0.1435
20,5,17,RahulMCTS,1.8319,6,4.5361,20,win,0.0333,3,0.705
20,5,18,Vanilla,1.8319,6,4.5361,20,win,0.5533,17,0.933
20,5,19,Heuristic,1.8319,6,4.5361,20,loss,0.85,25,0.2775
18,2,0,Heuristic,1.9725,5,1.7719,11,win,0.32,11,0.848
18,2,1,RahulMCTS,1.9725,5,1.7719,11,win,0.0333,3,0.705
18,2,2,RahulMCTS,1.9725,5,1.7719,11,win,0.0333,4,0.7175
18,2,3,RahulMCTS,1.9725,5,1.7719,11,win,0.05,4,0.72
18,2,4,Heuristic,1.9725,5,1.7719,11,loss,0.5833,12,0.2
18,2,5,Heuristic,1.9725,5,1.7719,11,loss,0.3267,12,0.1615
18,2,6,RahulMCTS,1.9725,5,1.7719,11,win,0.0067,3,0.701
18,2,7,Vanilla,1.9725,5,1.7719,11,loss,0.32,9,0.123
18,2,8,Heuristic,1.9725,5,1.7719,11,loss,0.93,28,0.2895
18,2,9,Heuristic,1.9725,5,1.7719,11,win,0.5067,9,0.851
18,2,10,Vanilla,1.9725,5,1.7719,11,loss,0.0633,5,0.0345
18,2,11,RahulMCTS,1.9725,5,1.7719,11,win,0.0067,3,0.701
18,2,12,Vanilla,1.9725,5,1.7719,11,win,0.18,6,0.7645
18,2,13,Vanilla,1.9725,5,1.7719,11,loss,0.6933,14,0.2415
18,2,14,Vanilla,1.9725,5,1.7719,11,loss,0.36,10,0.1415
18,2,15,Vanilla,1.9725,5,1.7719,11,loss,0.5,10,0.1625
18,2,16,Vanilla,1.9725,5,1.7719,11,win,0.43,11,0.8645
18,2,17,Vanilla,1.9725,5,1.7719,11,win,0.1433,7,0.7715
18,2,18,Heuristic,1.9725,5,1.7719,11,loss,0.4033,10,0.148
18,2,19,RahulMCTS,1.9725,5,1.7719,11,win,0.07,4,0.723
19,7,0,Heuristic,1.8205,6,1.625,20,loss,0.14,6,0.0585
19,7,1,Heuristic,1.8205,6,1.625,20,win,0.4133,12,0.8745
19,7,2,Vanilla,1.8205,6,1.625,20,win,0.86,18,0.979
19,7,3,RahulMCTS,1.8205,6,1.625,20,win,0.05,3,0.7075
19,7,4,Heuristic,1.8205,6,1.625,20,loss,0.51,12,0.189
19,7,5,Heuristic,1.8205,6,1.625,20,win,0.5467,17,0.932
19,7,6,Vanilla,1.8205,6,1.625,20,win,0.4033,10,0.848
19,7,7,Heuristic,1.8205,6,1.625,20,win,0.3867,11,0.858
19,7,8,Vanilla,1.8205,6,1.625,20,win,0.4133,11,0.862
19,7,9,RahulMCTS,1.8205,6,1.625,20,win,0.0333,3,0.705
19,7,10,Heuristic,1.8205,6,1.625,20,win,0.4167,16,0.9125
19,7,11,Heuristic,1.8205,6,1.625,20,loss,0.06,4,0.0215
19,7,12,RahulMCTS,1.8205,6,1.625,20,win,0.0333,3,0.705
19,7,13,Vanilla,1.8205,6,1.625,20,win,0.08,5,0.737
19,7,14,Vanilla,1.8205,6,1.625,20,win,0.7033,22,0.9555
19,7,15,Heuristic,1.8205,6,1.625,20,loss,0.6633,24,0.2495
19,7,16,Heuristic,1.8205,6,1.625,20,loss,0.08,4,0.0245
19,7,17,Heuristic,1.8205,6,1.625,20,loss,0.08,4,0.0245
19,7,18,Heuristic,1.8205,6,1.625,20,loss,0.0067,3,0.001
19,7,19,Vanilla,1.8205,6,1.625,20,win,0.3167,12,0.86
21,6,0,Heuristic,2.0807,6,11.55,12,loss,0.8367,19,0.2755
21,6,1,RahulMCTS,2.0807,6,11.55,12,win,0.0067,3,0.701
21,6,2,Heuristic,2.0807,6,11.55,12,loss,0.12,3,0.018
21,6,3,Heuristic,2.0807,6,11.55,12,loss,0.4233,13,0.1885
21,6,4,Vanilla,2.0807,6,11.55,12,win,0.2667,11,0.84
21,6,5,RahulMCTS,2.0807,6,11.55,12,win,0.0067,3,0.701
21,6,6,Vanilla,2.0807,6,11.55,12,win,0.5367,13,0.9055
21,6,7,Heuristic,2.0807,6,11.55,12,loss,0.08,4,0.0245
21,6,8,Vanilla,2.0807,6,11.55,12,win,0.5133,14,0.9145
21,6,9,RahulMCTS,2.0807,6,11.55,12,win,0.0633,4,0.722
21,6,10,RahulMCTS,2.0807,6,11.55,12,win,0.0067,3,0.701
21,6,11,Vanilla,2.0807,6,11.55,12,win,0.75,16,0.9625
21,6,12,Heuristic,2.0807,6,11.55,12,win,0.22,6,0.7705
21,6,13,Heuristic,2.0807,6,11.55,12,win,0.29,10,0.831
21,6,14,Heuristic,2.0807,6,11.55,12,win,0.3633,10,0.842
21,6,15,Vanilla,2.0807,6,11.55,12,win,0.2733,7,0.791
21,6,16,Heuristic,2.0807,6,11.55,12,win,0.4867,12,0.8855
21,6,17,Heuristic,2.0807,6,11.55,12,win,0.22,6,0.7705
21,6,18,RahulMCTS,2.0807,6,11.55,12,win,0.0333,4,0.7175
21,6,19,RahulMCTS,2.0807,6,11.55,12,win,0.0333,3,0.705
22,1,0,Heuristic,0.8444,6,5.3652,11,loss,0.06,4,0.0215
22,1,1,Vanilla,0.8444,6,5.3652,11,loss,0.43,11,0.1645
22,1,2,Vanilla,0.8444,6,5.3652,11,win,0.13,4,0.732
22,1,3,Heuristic,0.8444,6,5.3652,11,win,0.44,10,0.8535
22,1,4,Vanilla,0.8444,6,5.3652,11,loss,0.1433,5,0.0465
22,1,5,RahulMCTS,0.8444,6,5.3652,11,win,0.0333,3,0.705
22,1,6,Heuristic,0.8444,6,5.3652,11,win,0.33,10,0.837
22,1,7,Heuristic,0.8444,6,5.3652,11,win,0.7767,23,0.9665
22,1,8,Heuristic,0.8444,6,5.3652,11,loss,0.2033,9,0.1055
22,1,9,Heuristic,0.8444,6,5.3652,11,win,0.2733,10,0.8285
22,1,10,Vanilla,0.8444,6,5.3652,11,win,0.2233,7,0.7835
22,1,11,Heuristic,0.8444,6,5.3652,11,win,0.4467,17,0.917
22,1,12,RahulMCTS,0.8444,6,5.3652,11,win,0.0333,3,0.705
22,1,13,Vanilla,0.8444,6,5.3652,11,win,0.15,5,0.7475
22,1,14,Vanilla,0.8444,6,5.3652,11,win,0.36,9,0.829
22,1,15,RahulMCTS,0.8444,6,5.3652,11,win,0.0333,3,0.705
22,1,16,RahulMCTS,0.8444,6,5.3652,11,win,0.0333,4,0.7175
22,1,17,RahulMCTS,0.8444,6,5.3652,11,win,0.0333,3,0.705
22,1,18,Vanilla,0.8444,6,5.3652,11,win,0.46,11,0.869
22,1,19,Heuristic,0.8444,6,5.3652,11,win,0.4233,13,0.8885
24,3,0,Heuristic,2.0085,6,5.2578,19,loss,0.25,9,0.1125
24,3,1,Heuristic,2.0085,6,5.2578,19,loss,0.26,5,0.064
24,3,2,RahulMCTS,2.0085,6,5.2578,19,win,0.0333,4,0.7175
24,3,3,RahulMCTS,2.0085,6,5.2578,19,win,0.0067,3,0.701
24,3,4,Heuristic,2.0085,6,5.2578,19,loss,0.2833,7,0.0925
24,3,5,RahulMCTS,2.0085,6,5.2578,19,win,0.0067,3,0.701
24,3,6,Heuristic,2.0085,6,5.2578,19,win,0.48,15,0.922
24,3,7,Vanilla,2.0085,6,5.2578,19,win,0.24,7,0.786
24,3,8,RahulMCTS,2.0085,6,5.2578,19,win,0.0067,3,0.701
24,3,9,RahulMCTS,2.0085,6,5.2578,19,win,0.0067,3,0.701
24,3,10,Vanilla,2.0085,6,5.2578,19,loss,0.0733,4,0.0235
24,3,11,Heuristic,2.0085,6,5.2578,19,loss,0.2333,5,0.06
24,3,12,RahulMCTS,2.0085,6,5.2578,19,win,0.0333,4,0.7175
24,3,13,Heuristic,2.0085,6,5.2578,19,win,0.3133,9,0.822
24,3,14,RahulMCTS,2.0085,6,5.2578,19,win,0.0333,4,0.7175
24,3,15,Heuristic,2.0085,6,5.2578,19,win,0.3067,6,0.7835
24,3,16,Vanilla,2.0085,6,5.2578,19,win,0.8267,22,0.974
24,3,17,Vanilla,2.0085,6,5.2578,19,win,0.2033,8,0.793
24,3,18,Vanilla,2.0085,6,5.2578,19,loss,0.0733,4,0.0235
24,3,19,Heuristic,2.0085,6,5.2578,19,win,0.48,17,0.922
25,4,0,Heuristic,2.0436,5,4.9179,18,win,0.3067,10,0.8335
25,4,1,Heuristic,2.0436,5,4.9179,18,win,0.44,14,0.9035
25,4,2,RahulMCTS,2.0436,5,4.9179,18,win,0.0067,3,0.701
25,4,3,RahulMCTS,2.0436,5,4.9179,18,win,0.2167,6,0.77
25,4,4,RahulMCTS,2.0436,5,4.9179,18,win,0.0067,3,0.701
25,4,5,RahulMCTS,2.0436,5,4.9179,18,win,0.0333,3,0.705
25,4,6,RahulMCTS,2.0436,5,4.9179,18,win,0.0133,3,0.702
25,4,7,RahulMCTS,2.0436,5,4.9179,18,win,0.0333,4,0.7175
25,4,8,Heuristic,2.0436,5,4.9179,18,win,0.3333,10,0.8375
25,4,9,Vanilla,2.0436,5,4.9179,18,loss,0.2667,7,0.09
25,4,10,Vanilla,2.0436,5,4.9179,18,loss,0.65,18,0.2475
25,4,11,Vanilla,2.0436,5,4.9179,18,loss,0.2367,6,0.073
25,4,12,Heuristic,2.0436,5,4.9179,18,loss,0.2833,5,0.0675
25,4,13,Vanilla,2.0436,5,4.9179,18,win,0.38,14,0.8945
25,4,14,RahulMCTS,2.0436,5,4.9179,18,win,0.01,3,0.7015
25,4,15,Heuristic,2.0436,5,4.9179,18,win,0.2133,9,0.807
25,4,16,Heuristic,2.0436,5,4.9179,18,win,0.3667,10,0.8425
25,4,17,RahulMCTS,2.0436,5,4.9179,18,win,0.0333,3,0.705
25,4,18,RahulMCTS,2.0436,5,4.9179,18,win,0.0067,3,0.701
25,4,19,RahulMCTS,2.0436,5,4.9179,18,win,0.0333,3,0.705
23,0,0,RahulMCTS,2.0366,6,5.7264,19,win,0.0333,3,0.705
23,0,1,Heuristic,2.0366,6,5.7264,19,loss,0.52,19,0.228
23,0,2,Heuristic,2.0366,6,5.7264,19,win,0.3933,15,0.909
23,0,3,Heuristic,2.0366,6,5.7264,19,loss,0.75,19,0.2625
23,0,4,Vanilla,2.0366,6,5.7264,19,win,0.15,4,0.735
23,0,5,Vanilla,2.0366,6,5.7264,19,win,0.3267,12,0.8615
23,0,6,Heuristic,2.0366,6,5.7264,19,win,0.3,11,0.845
23,0,7,Vanilla,2.0366,6,5.7264,19,win,0.3933,11,0.859
23,0,8,Heuristic,2.0366,6,5.7264,19,win,0.49,18,0.9235
23,0,9,RahulMCTS,2.0366,6,5.7264,19,win,0.0067,3,0.701
23,0,10,Vanilla,2.0366,6,5.7264,19,win,0.31,8,0.809
23,0,11,RahulMCTS,2.0366,6,5.7264,19,win,0.04,4,0.7185
23,0,12,Heuristic,2.0366,6,5.7264,19,win,0.3533,8,0.8155
23,0,13,Vanilla,2.0366,6,5.7264,19,loss,0.6333,13,0.22
23,0,14,Heuristic,2.0366,6,5.7264,19,win,0.2667,7,0.79
23,0,15,Vanilla,2.0366,6,5.7264,19,win,0.1833,9,0.8025
23,0,16,Vanilla,2.0366,6,5.7264,19,loss,0.8767,17,0.2815
23,0,17,RahulMCTS,2.0366,6,5.7264,19,win,0.0333,3,0.705
23,0,18,RahulMCTS,2.0366,6,5.7264,19,win,0.0067,3,0.701
23,0,19,Heuristic,2.0366,6,5.7264,19,win,0.2133,8,0.7945
26,5,0,RahulMCTS,2.0946,5,19.8741,19,win,0.0833,4,0.725
26,5,1,RahulMCTS,2.0946,5,19.8741,19,win,0.0333,4,0.7175
26,5,2,RahulMCTS,2.0946,5,19.8741,19,win,0.0367,3,0.7055
26,5,3,RahulMCTS,2.0946,5,19.8741,19,win,0.0333,3,0.705
26,5,4,RahulMCTS,2.0946,5,19.8741,19,win,0.07,4,0.723
26,5,5,Vanilla,2.0946,5,19.8741,19,loss,0.28,6,0.0795
26,5,6,Heuristic,2.0946,5,19.8741,19,win,0.2133,6,0.7695
26,5,7,Vanilla,2.0946,5,19.8741,19,win,0.4433,11,0.8665
26,5,8,Vanilla,2.0946,5,19.8741,19,loss,0.1,4,0.0275
26,5,9,Heuristic,2.0946,5,19.8741,19,win,0.2133,7,0.782
26,5,10,Vanilla,2.0946,5,19.8741,19,win,0.29,7,0.7935
26,5,11,Vanilla,2.0946,5,19.8741,19,win,0.7767,23,0.9665
26,5,12,Heuristic,2.0946,5,19.8741,19,win,0.3467,13,0.877
26,5,13,Heuristic,2.0946,5,19.8741,19,loss,0.1067,3,0.016
26,5,14,Vanilla,2.0946,5,19.8741,19,loss,0.3267,9,0.124
26,5,15,Vanilla,2.0946,5,19.8741,19,loss,0.08,4,0.0245
26,5,16,Heuristic,2.0946,5,19.8741,19,win,0.2533,5,0.763
26,5,17,Heuristic,2.0946,5,19.8741,19,loss,0.5633,17,0.2345
26,5,18,RahulMCTS,2.0946,5,19.8741,19,win,0.0667,4,0.7225
26,5,19,RahulMCTS,2.0946,5,19.8741,19,win,0.0067,3,0.701
28,7,0,RahulMCTS,1.5545,3,4.2778,14,win,0.0067,3,0.701
28,7,1,Heuristic,1.5545,3,4.2778,14,loss,0.08,5,0.037
28,7,2,Heuristic,1.5545,3,4.2778,14,win,0.4133,14,0.8995
28,7,3,Heuristic,1.5545,3,4.2778,14,win,0.4,14,0.8975
28,7,4,RahulMCTS,1.5545,3,4.2778,14,win,0.0067,3,0.701
28,7,5,Vanilla,1.5545,3,4.2778,14,win,0.2633,8,0.802
28,7,6,Vanilla,1.5545,3,4.2778,14,win,0.3433,11,0.8515
28,7,7,RahulMCTS,1.5545,3,4.2778,14,win,0.0067,3,0.701
28,7,8,Vanilla,1.5545,3,4.2778,14,loss,0.1833,7,0.0775
28,7,9,Heuristic,1.5545,3,4.2778,14,loss,0.0933,5,0.039
28,7,10,Heuristic,1.5545,3,4.2778,14,loss,0.6067,17,0.241
28,7,11,RahulMCTS,1.5545,3,4.2778,14,win,0.0067,4,0.7135
28,7,12,Heuristic,1.5545,3,4.2778,14,win,0.42,13,0.888
28,7,13,RahulMCTS,1.5545,3,4.2778,14,win,0.0433,4,0.719
28,7,14,Vanilla,1.5545,3,4.2778,14,win,0.56,18,0.934
28,7,15,Vanilla,1.5545,3,4.2778,14,win,0.4033,11,0.8605
28,7,16,Heuristic,1.5545,3,4.2778,14,win,0.3133,7,0.797
28,7,17,Vanilla,1.5545,3,4.2778,14,loss,0.4233,13,0.1885
28,7,18,Vanilla,1.5545,3,4.2778,14,loss,0.1,4,0.0275
28,7,19,Vanilla,1.5545,3,4.2778,14,loss,0.1267,5,0.044
30,1,0,RahulMCTS,1.4179,3,3.7981,18,win,0.0067,3,0.701
30,1,1,RahulMCTS,1.4179,3,3.7981,18,win,0.0333,4,0.7175
30,1,2,RahulMCTS,1.4179,3,3.7981,18,win,0.0333,4,0.7175
30,1,3,Vanilla,1.4179,3,3.7981,18,loss,0.2233,7,0.0835
30,1,4,Vanilla,1.4179,3,3.7981,18,win,0.2267,8,0.7965
30,1,5,Heuristic,1.4179,3,3.7981,18,win,0.26,11,0.839
30,1,6,Vanilla,1.4179,3,3.7981,18,draw,0.3633,10,0.142
30,1,7,RahulMCTS,1.4179,3,3.7981,18,win,0.0133,3,0.702
30,1,8,RahulMCTS,1.4179,3,3.7981,18,win,0.0067,3,0.701
30,1,9,Vanilla,1.4179,3,3.7981,18,win,0.1033,7,0.7655
30,1,10,Vanilla,1.4179,3,3.7981,18,draw,0.2167,7,0.0825
30,1,11,RahulMCTS,1.4179,3,3.7981,18,win,0.0067,4,0.7135
30,1,12,Heuristic,1.4179,3,3.7981,18,win,0.3767,9,0.8315
30,1,13,RahulMCTS,1.4179,3,3.7981,18,win,0.0067,4,0.7135
30,1,14,Vanilla,1.4179,3,3.7981,18,win,0.4633,11,0.8695
30,1,15,Vanilla,1.4179,3,3.7981,18,loss,0.4533,11,0.168
30,1,16,RahulMCTS,1.4179,3,3.7981,18,win,0.1333,7,0.77
30,1,17,RahulMCTS,1.4179,3,3.7981,18,win,0.0067,3,0.701
30,1,18,Heuristic,1.4179,3,3.7981,18,win,0.4167,17,0.9125
30,1,19,Vanilla,1.4179,3,3.7981,18,win,0.11,4,0.729
27,2,0,Vanilla,2.0199,14,10.6928,19,loss,0.1667,6,0.0625
27,2,1,Heuristic,2.0199,14,10.6928,19,win,0.5067,14,0.9135
27,2,2,Heuristic,2.0199,14,10.6928,19,loss,0.2167,7,0.0825
27,2,3,Heuristic,2.0199,14,10.6928,19,win,0.37,13,0.8805
27,2,4,Vanilla,2.0199,14,10.6928,19,loss,0.2967,6,0.082
27,2,5,Heuristic,2.0199,14,10.6928,19,loss,0.44,10,0.1535
27,2,6,Vanilla,2.0199,14,10.6928,19,win,0.2367,7,0.7855
27,2,7,Vanilla,2.0199,14,10.6928,19,loss,0.3167,6,0.085
27,2,8,RahulMCTS,2.0199,14,10.6928,19,win,0.0067,3,0.701
27,2,9,RahulMCTS,2.0199,14,10.6928,19,win,0.0767,5,0.7365
27,2,10,Vanilla,2.0199,14,10.6928,19,win,0.62,8,0.8555
27,2,11,RahulMCTS,2.0199,14,10.6928,19,win,0.0333,3,0.705
27,2,12,Heuristic,2.0199,14,10.6928,19,loss,0.5267,14,0.2165
27,2,13,Vanilla,2.0199,14,10.6928,19,win,0.4333,10,0.8525
27,2,14,Vanilla,2.0199,14,10.6928,19,win,0.5667,16,0.935
27,2,15,Heuristic,2.0199,14,10.6928,19,loss,0.0867,3,0.013
27,2,16,RahulMCTS,2.0199,14,10.6928,19,win,0.0067,3,0.701
27,2,17,RahulMCTS,2.0199,14,10.6928,19,win,0.05,4,0.72
27,2,18,RahulMCTS,2.0199,14,10.6928,19,win,0.04,4,0.7185
27,2,19,Vanilla,2.0199,14,10.6928,19,win,0.3733,13,0.881
29,6,0,RahulMCTS,1.4776,3,4.0343,14,win,0.0333,3,0.705
29,6,1,Vanilla,1.4776,3,4.0343,14,win,0.2333,11,0.835
29,6,2,Vanilla,1.4776,3,4.0343,14,win,0.6167,17,0.9425
29,6,3,Heuristic,1.4776,3,4.0343,14,loss,0.4133,9,0.137
29,6,4,Heuristic,1.4776,3,4.0343,14,loss,0.2867,9,0.118
29,6,5,RahulMCTS,1.4776,3,4.0343,14,win,0.0067,3,0.701
29,6,6,Heuristic,1.4776,3,4.0343,14,loss,0.3167,7,0.0975
29,6,7,Heuristic,1.4776,3,4.0343,14,loss,0.32,12,0.1605
29,6,8,RahulMCTS,1.4776,3,4.0343,14,win,0.0367,4,0.718
29,6,9,RahulMCTS,1.4776,3,4.0343,14,win,0.0067,3,0.701
29,6,10,Heuristic,1.4776,3,4.0343,14,win,0.2133,10,0.8195
29,6,11,RahulMCTS,1.4776,3,4.0343,14,loss,0.27,5,0.0655
29,6,12,Vanilla,1.4776,3,4.0343,14,win,0.3267,13,0.874
29,6,13,Vanilla,1.4776,3,4.0343,14,win,0.1233,5,0.7435
29,6,14,RahulMCTS,1.4776,3,4.0343,14,win,0.0333,4,0.7175
29,6,15,RahulMCTS,1.4776,3,4.0343,14,win,0.0067,3,0.701
29,6,16,RahulMCTS,1.4776,3,4.0343,14,win,0.05,5,0.7325
29,6,17,RahulMCTS,1.4776,3,4.0343,14,win,0.05,4,0.72
29,6,18,Heuristic,1.4776,3,4.0343,14,win,0.1767,7,0.7765
29,6,19,Heuristic,1.4776,3,4.0343,14,win,0.2967,11,0.8445
32,4,0,RahulMCTS,1.4517,3,7.9445,14,win,0.0067,3,0.701
32,4,1,Heuristic,1.4517,3,7.9445,14,win,0.3533,12,0.8655
32,4,2,Heuristic,1.4517,3,7.9445,14,loss,0.33,11,0.1495
32,4,3,RahulMCTS,1.4517,3,7.9445,14,win,0.0067,3,0.701
32,4,4,RahulMCTS,1.4517,3,7.9445,14,win,0.0333,4,0.7175
32,4,5,Heuristic,1.4517,3,7.9445,14,loss,0.56,24,0.234
32,4,6,Vanilla,1.4517,3,7.9445,14,win,0.3333,12,0.8625
32,4,7,RahulMCTS,1.4517,3,7.9445,14,win,0.0567,4,0.721
32,4,8,Vanilla,1.4517,3,7.9445,14,win,0.2733,13,0.866
32,4,9,Heuristic,1.4517,3,7.9445,14,loss,0.0967,4,0.027
32,4,10,Vanilla,1.4517,3,7.9445,14,win,0.0533,4,0.7205
32,4,11,Vanilla,1.4517,3,7.9445,14,win,0.3533,15,0.903
32,4,12,Vanilla,1.4517,3,7.9445,14,loss,0.1467,7,0.072
32,4,13,Vanilla,1.4517,3,7.9445,14,loss,0.4167,9,0.1375
32,4,14,RahulMCTS,1.4517,3,7.9445,14,win,0.0067,3,0.701
32,4,15,Heuristic,1.4517,3,7.9445,14,win,0.33,9,0.8245
32,4,16,Heuristic,1.4517,3,7.9445,14,loss,0.08,4,0.0245
32,4,17,Vanilla,1.4517,3,7.9445,14,win,0.28,8,0.8045
32,4,18,Vanilla,1.4517,3,7.9445,14,win,0.2667,10,0.8275
32,4,19,Heuristic,1.4517,3,7.9445,14,loss,0.5,17,0.225
31,3,0,Vanilla,1.4166,3,3.7911,14,win,0.1167,7,0.7675
31,3,1,Heuristic,1.4166,3,3.7911,14,win,0.46,14,0.9065
31,3,2,Vanilla,1.4166,3,3.7911,14,loss,0.43,12,0.177
31,3,3,Vanilla,1.4166,3,3.7911,14,win,0.1767,5,0.7515
31,3,4,Heuristic,1.4166,3,3.7911,14,loss,0.7933,20,0.269
31,3,5,Vanilla,1.4166,3,3.7911,14,win,0.3967,12,0.872
31,3,6,Vanilla,1.4166,3,3.7911,14,win,0.2433,11,0.8365
31,3,7,Vanilla,1.4166,3,3.7911,14,loss,0.5033,12,0.188
31,3,8,Vanilla,1.4166,3,3.7911,14,loss,0.18,7,0.077
31,3,9,RahulMCTS,1.4166,3,3.7911,14,win,0.0067,3,0.701
31,3,10,RahulMCTS,1.4166,3,3.7911,14,win,0.0333,4,0.7175
31,3,11,Vanilla,1.4166,3,3.7911,14,draw,0.0,3,0.0
31,3,12,Heuristic,1.4166,3,3.7911,14,win,0.69,22,0.9535
31,3,13,Vanilla,1.4166,3,3.7911,14,loss,0.4567,14,0.206
31,3,14,RahulMCTS,1.4166,3,3.7911,14,win,0.0333,4,0.7175
31,3,15,Heuristic,1.4166,3,3.7911,14,win,0.3667,8,0.8175
31,3,16,RahulMCTS,1.4166,3,3.7911,14,win,0.0333,4,0.7175
31,3,17,Heuristic,1.4166,3,3.7911,14,loss,0.1467,4,0.0345
31,3,18,Vanilla,1.4166,3,3.7911,14,loss,0.4467,10,0.1545
31,3,19,Heuristic,1.4166,3,3.7911,14,loss,0.5433,15,0.2315
34,5,0,RahulMCTS,1.4804,3,3.5188,14,win,0.0067,3,0.701
34,5,1,Heuristic,1.4804,3,3.5188,14,win,0.1933,6,0.7665
34,5,2,Heuristic,1.4804,3,3.5188,14,loss,0.5933,20,0.239
34,5,3,Heuristic,1.4804,3,3.5188,14,win,0.42,13,0.888
34,5,4,RahulMCTS,1.4804,3,3.5188,14,win,0.0067,3,0.701
34,5,5,RahulMCTS,1.4804,3,3.5188,14,win,0.0333,3,0.705
34,5,6,RahulMCTS,1.4804,3,3.5188,14,win,0.0333,3,0.705
34,5,7,RahulMCTS,1.4804,3,3.5188,14,win,0.03,4,0.717
34,5,8,RahulMCTS,1.4804,3,3.5188,14,win,0.0067,3,0.701
34,5,9,Vanilla,1.4804,3,3.5188,14,win,0.29,12,0.856
34,5,10,Heuristic,1.4804,3,3.5188,14,win,0.5333,18,0.93
34,5,11,RahulMCTS,1.4804,3,3.5188,14,win,0.03,4,0.717
34,5,12,Heuristic,1.4804,3,3.5188,14,win,0.5233,18,0.9285
34,5,13,Heuristic,1.4804,3,3.5188,14,win,0.34,12,0.8635
34,5,14,Vanilla,1.4804,3,3.5188,14,win,0.05,5,0.7325
34,5,15,Vanilla,1.4804,3,3.5188,14,win,0.3733,12,0.8685
34,5,16,RahulMCTS,1.4804,3,3.5188,14,win,0.05,4,0.72
34,5,17,RahulMCTS,1.4804,3,3.5188,14,win,0.0333,4,0.7175
34,5,18,Vanilla,1.4804,3,3.5188,14,win,0.53,12,0.892
34,5,19,Vanilla,1.4804,3,3.5188,14,win,0.3733,13,0.881
33,0,0,Heuristic,1.4654,3,8.1511,15,win,0.4433,14,0.904
33,0,1,Vanilla,1.4654,3,8.1511,15,win,0.8533,20,0.978
33,0,2,RahulMCTS,1.4654,3,8.1511,15,win,0.08,5,0.737
33,0,3,RahulMCTS,1.4654,3,8.1511,15,win,0.0333,4,0.7175
33,0,4,Heuristic,1.4654,3,8.1511,15,draw,0.02,3,0.003
33,0,5,RahulMCTS,1.4654,3,8.1511,15,win,0.0333,3,0.705
33,0,6,RahulMCTS,1.4654,3,8.1511,15,win,0.0533,4,0.7205
33,0,7,RahulMCTS,1.4654,3,8.1511,15,win,0.0067,3,0.701
33,0,8,RahulMCTS,1.4654,3,8.1511,15,win,0.0333,4,0.7175
33,0,9,Heuristic,1.4654,3,8.1511,15,loss,0.7167,24,0.2575
33,0,10,Vanilla,1.4654,3,8.1511,15,win,0.2967,7,0.7945
33,0,11,Heuristic,1.4654,3,8.1511,15,win,0.4733,16,0.921
33,0,12,RahulMCTS,1.4654,3,8.1511,15,win,0.0533,4,0.7205
33,0,13,RahulMCTS,1.4654,3,8.1511,15,win,0.0333,4,0.7175
33,0,14,Heuristic,1.4654,3,8.1511,15,win,0.28,15,0.892
33,0,15,Vanilla,1.4654,3,8.1511,15,loss,0.55,16,0.2325
33,0,16,Vanilla,1.4654,3,8.1511,15,loss,0.0667,4,0.0225
33,0,17,Vanilla,1.4654,3,8.1511,15,win,0.0633,7,0.7595
33,0,18,RahulMCTS,1.4654,3,8.1511,15,win,0.0433,5,0.7315
33,0,19,Vanilla,1.4654,3,8.1511,15,win,0.4967,14,0.912
37,2,0,Vanilla,1.4748,4,7.3639,25,win,0.15,5,0.7475
37,2,1,Heuristic,1.4748,4,7.3639,25,draw,0.02,3,0.003
37,2,2,Heuristic,1.4748,4,7.3639,25,win,0.34,11,0.851
37,2,3,Vanilla,1.4748,4,7.3639,25,win,0.0467,6,0.7445
37,2,4,RahulMCTS,1.4748,4,7.3639,25,win,0.01,3,0.7015
37,2,5,Vanilla,1.4748,4,7.3639,25,win,0.0767,5,0.7365
37,2,6,Vanilla,1.4748,4,7.3639,25,win,0.36,12,0.8665
37,2,7,Vanilla,1.4748,4,7.3639,25,win,0.3667,14,0.8925
37,2,8,RahulMCTS,1.4748,4,7.3639,25,win,0.0067,3,0.701
37,2,9,RahulMCTS,1.4748,4,7.3639,25,win,0.05,4,0.72
37,2,10,RahulMCTS,1.4748,4,7.3639,25,win,0.0233,3,0.7035
37,2,11,Heuristic,1.4748,4,7.3639,25,win,0.6067,17,0.941
37,2,12,Heuristic,1.4748,4,7.3639,25,loss,0.0733,4,0.0235
37,2,13,RahulMCTS,1.4748,4,7.3639,25,win,0.0333,5,0.73
37,2,14,RahulMCTS,1.4748,4,7.3639,25,win,0.0467,4,0.7195
37,2,15,Vanilla,1.4748,4,7.3639,25,loss,0.3867,7,0.108
37,2,16,Heuristic,1.4748,4,7.3639,25,loss,0.14,5,0.046
37,2,17,Vanilla,1.4748,4,7.3639,25,loss,0.2667,8,0.1025
37,2,18,Heuristic,1.4748,4,7.3639,25,loss,0.2967,6,0.082
37,2,19,Vanilla,1.4748,4,7.3639,25,loss,0.4767,8,0.134
38,6,0,RahulMCTS,1.2993,4,7.5579,25,win,0.0067,3,0.701
38,6,1,Heuristic,1.2993,4,7.5579,25,loss,0.0633,4,0.022
38,6,2,Heuristic,1.2993,4,7.5579,25,win,0.5967,19,0.9395
38,6,3,Vanilla,1.2993,4,7.5579,25,win,0.52,20,0.928
38,6,4,Vanilla,1.2993,4,7.5579,25,win,0.32,8,0.8105
38,6,5,RahulMCTS,1.2993,4,7.5579,25,win,0.0333,4,0.7175
38,6,6,Heuristic,1.2993,4,7.5579,25,win,0.1933,8,0.7915
38,6,7,Heuristic,1.2993,4,7.5579,25,win,0.3,10,0.8325
38,6,8,RahulMCTS,1.2993,4,7.5579,25,win,0.0067,3,0.701
38,6,9,Heuristic,1.2993,4,7.5579,25,win,0.4733,17,0.921
38,6,10,Heuristic,1.2993,4,7.5579,25,win,0.3333,9,0.825
38,6,11,RahulMCTS,1.2993,4,7.5579,25,win,0.0333,3,0.705
38,6,12,RahulMCTS,1.2993,4,7.5579,25,win,0.0367,4,0.718
38,6,13,Vanilla,1.2993,4,7.5579,25,loss,0.1133,5,0.042
38,6,14,Vanilla,1.2993,4,7.5579,25,loss,0.32,8,0.1105
38,6,15,RahulMCTS,1.2993,4,7.5579,25,win,0.0333,4,0.7175
38,6,16,RahulMCTS,1.2993,4,7.5579,25,win,0.05,4,0.72
38,6,17,RahulMCTS,1.2993,4,7.5579,25,win,0.04,4,0.7185
38,6,18,Heuristic,1.2993,4,7.5579,25,loss,0.3933,9,0.134
38,6,19,RahulMCTS,1.2993,4,7.5579,25,win,0.0333,3,0.705
35,7,0,Vanilla,1.4603,4,7.8677,25,loss,0.41,10,0.149
35,7,1,Heuristic,1.4603,4,7.8677,25,win,0.5567,14,0.921
35,7,2,RahulMCTS,1.4603,4,7.8677,25,win,0.0633,5,0.7345
35,7,3,Vanilla,1.4603,4,7.8677,25,win,0.2767,10,0.829
35,7,4,RahulMCTS,1.4603,4,7.8677,25,win,0.0333,3,0.705
35,7,5,RahulMCTS,1.4603,4,7.8677,25,win,0.0333,3,0.705
35,7,6,Heuristic,1.4603,4,7.8677,25,win,0.1733,5,0.751
35,7,7,Heuristic,1.4603,4,7.8677,25,win,0.54,16,0.931
35,7,8,Vanilla,1.4603,4,7.8677,25,win,0.32,11,0.848
35,7,9,Vanilla,1.4603,4,7.8677,25,win,0.31,10,0.834
35,7,10,RahulMCTS,1.4603,4,7.8677,25,win,0.0333,3,0.705
35,7,11,Heuristic,1.4603,4,7.8677,25,win,0.2933,12,0.8565
35,7,12,RahulMCTS,1.4603,4,7.8677,25,win,0.0067,3,0.701
35,7,13,Heuristic,1.4603,4,7.8677,25,win,0.41,10,0.849
35,7,14,Vanilla,1.4603,4,7.8677,25,loss,0.39,7,0.1085
35,7,15,Vanilla,1.4603,4,7.8677,25,win,0.2867,12,0.8555
35,7,16,Heuristic,1.4603,4,7.8677,25,loss,0.49,8,0.136
35,7,17,Vanilla,1.4603,4,7.8677,25,win,0.1533,4,0.7355
35,7,18,Heuristic,1.4603,4,7.8677,25,win,0.2633,12,0.852
35,7,19,RahulMCTS,1.4603,4,7.8677,25,win,0.0067,3,0.701
36,1,0,Heuristic,1.4935,4,7.3848,25,loss,0.32,6,0.0855
36,1,1,Vanilla,1.4935,4,7.3848,25,loss,0.0167,3,0.0025
36,1,2,Vanilla,1.4935,4,7.3848,25,loss,0.4967,13,0.1995
36,1,3,RahulMCTS,1.4935,4,7.3848,25,win,0.0067,3,0.701
36,1,4,Heuristic,1.4935,4,7.3848,25,win,0.1933,10,0.8165
36,1,5,Vanilla,1.4935,4,7.3848,25,win,0.2133,6,0.7695
36,1,6,RahulMCTS,1.4935,4,7.3848,25,win,0.02,3,0.703
36,1,7,Heuristic,1.4935,4,7.3848,25,loss,0.7467,22,0.262
36,1,8,RahulMCTS,1.4935,4,7.3848,25,win,0.04,5,0.731
36,1,9,RahulMCTS,1.4935,4,7.3848,25,win,0.0333,4,0.7175
36,1,10,Heuristic,1.4935,4,7.3848,25,loss,0.57,21,0.2355
36,1,11,RahulMCTS,1.4935,4,7.3848,25,win,0.05,4,0.72
36,1,12,Heuristic,1.4935,4,7.3848,25,win,0.2833,11,0.8425
36,1,13,RahulMCTS,1.4935,4,7.3848,25,win,0.0067,3,0.701
36,1,14,Vanilla,1.4935,4,7.3848,25,loss,0.3233,8,0.111
36,1,15,Vanilla,1.4935,4,7.3848,25,win,0.7633,15,0.9645
36,1,16,Heuristic,1.4935,4,7.3848,25,win,0.36,14,0.8915
36,1,17,Heuristic,1.4935,4,7.3848,25,loss,0.91,25,0.2865
36,1,18,Heuristic,1.4935,4,7.3848,25,win,0.3067,8,0.8085
36,1,19,RahulMCTS,1.4935,4,7.3848,25,win,0.0633,5,0.7345
39,4,0,Heuristic,1.2466,4,6.9576,22,win,0.4133,10,0.8495
39,4,1,Heuristic,1.2466,4,6.9576,22,win,0.3933,10,0.8465
39,4,2,RahulMCTS,1.2466,4,6.9576,22,win,0.05,4,0.72
39,4,3,RahulMCTS,1.2466,4,6.9576,22,win,0.0067,3,0.701
39,4,4,Heuristic,1.2466,4,6.9576,22,loss,0.3,14,0.1825
39,4,5,RahulMCTS,1.2466,4,6.9576,22,win,0.0333,3,0.705
39,4,6,Vanilla,1.2466,4,6.9576,22,loss,0.2,5,0.055
39,4,7,RahulMCTS,1.2466,4,6.9576,22,win,0.0067,3,0.701
39,4,8,RahulMCTS,1.2466,4,6.9576,22,win,0.03,4,0.717
39,4,9,Heuristic,1.2466,4,6.9576,22,win,0.4533,15,0.918
39,4,10,RahulMCTS,1.2466,4,6.9576,22,win,0.0067,3,0.701
39,4,11,Vanilla,1.2466,4,6.9576,22,win,0.21,8,0.794
39,4,12,RahulMCTS,1.2466,4,6.9576,22,win,0.07,4,0.723
39,4,13,Vanilla,1.2466,4,6.9576,22,win,0.3333,12,0.8625
39,4,14,Vanilla,1.2466,4,6.9576,22,win,0.25,8,0.8
39,4,15,RahulMCTS,1.2466,4,6.9576,22,win,0.0067,3,0.701
39,4,16,RahulMCTS,1.2466,4,6.9576,22,win,0.0067,3,0.701
39,4,17,RahulMCTS,1.2466,4,6.9576,22,win,0.0067,3,0.701
39,4,18,Vanilla,1.2466,4,6.9576,22,loss,0.18,5,0.052
39,4,19,RahulMCTS,1.2466,4,6.9576,22,win,0.0067,3,0.701
42,0,0,Vanilla,1.2639,4,6.7469,22,win,0.2567,9,0.8135
42,0,1,RahulMCTS,1.2639,4,6.7469,22,win,0.0333,3,0.705
42,0,2,RahulMCTS,1.2639,4,6.7469,22,win,0.0333,3,0.705
42,0,3,RahulMCTS,1.2639,4,6.7469,22,win,0.0333,3,0.705
42,0,4,RahulMCTS,1.2639,4,6.7469,22,win,0.03,4,0.717
42,0,5,Vanilla,1.2639,4,6.7469,22,win,0.1833,6,0.765
42,0,6,RahulMCTS,1.2639,4,6.7469,22,win,0.0633,4,0.722
42,0,7,Vanilla,1.2639,4,6.7469,22,loss,0.2833,5,0.0675
42,0,8,Heuristic,1.2639,4,6.7469,22,win,0.37,8,0.818
42,0,9,RahulMCTS,1.2639,4,6.7469,22,win,0.0067,3,0.701
42,0,10,RahulMCTS,1.2639,4,6.7469,22,win,0.0067,3,0.701
42,0,11,RahulMCTS,1.2639,4,6.7469,22,win,0.0067,3,0.701
42,0,12,Heuristic,1.2639,4,6.7469,22,loss,0.8933,17,0.284
42,0,13,Heuristic,1.2639,4,6.7469,22,loss,0.3767,10,0.144
42,0,14,Vanilla,1.2639,4,6.7469,22,win,0.4,11,0.86
42,0,15,RahulMCTS,1.2639,4,6.7469,22,win,0.04,5,0.731
42,0,16,Vanilla,1.2639,4,6.7469,22,win,0.5533,11,0.883
42,0,17,Vanilla,1.2639,4,6.7469,22,loss,0.22,7,0.083
42,0,18,Heuristic,1.2639,4,6.7469,22,win,0.3067,10,0.8335
42,0,19,RahulMCTS,1.2639,4,6.7469,22,win,0.0333,4,0.7175
41,5,0,Vanilla,1.1997,4,6.9474,9,loss,0.1667,5,0.05
41,5,1,Vanilla,1.1997,4,6.9474,9,win,0.5267,13,0.904
41,5,2,RahulMCTS,1.1997,4,6.9474,9,win,0.0333,3,0.705
41,5,3,Heuristic,1.1997,4,6.9474,9,win,0.2667,9,0.815
41,5,4,RahulMCTS,1.1997,4,6.9474,9,win,0.0333,4,0.7175
41,5,5,Heuristic,1.1997,4,6.9474,9,win,0.3133,11,0.847
41,5,6,Vanilla,1.1997,4,6.9474,9,loss,0.1633,6,0.062
41,5,7,RahulMCTS,1.1997,4,6.9474,9,loss,0.1933,6,0.0665
41,5,8,RahulMCTS,1.1997,4,6.9474,9,win,0.0367,3,0.7055
41,5,9,RahulMCTS,1.1997,4,6.9474,9,win,0.0067,3,0.701
41,5,10,Heuristic,1.1997,4,6.9474,9,win,0.2733,7,0.791
41,5,11,Vanilla,1.1997,4,6.9474,9,win,0.33,9,0.8245
41,5,12,Heuristic,1.1997,4,6.9474,9,loss,0.46,18,0.219
41,5,13,RahulMCTS,1.1997,4,6.9474,9,win,0.0067,3,0.701
41,5,14,RahulMCTS,1.1997,4,6.9474,9,win,0.0267,3,0.704
41,5,15,Vanilla,1.1997,4,6.9474,9,loss,0.8633,25,0.2795
41,5,16,Vanilla,1.1997,4,6.9474,9,loss,0.2967,7,0.0945
41,5,17,Heuristic,1.1997,4,6.9474,9,loss,0.1333,4,0.0325
41,5,18,Heuristic,1.1997,4,6.9474,9,win,0.2,7,0.78
41,5,19,Heuristic,1.1997,4,6.9474,9,win,0.2133,6,0.7695
43,2,0,RahulMCTS,1.2286,4,6.1865,16,win,0.03,4,0.717
43,2,1,Heuristic,1.2286,4,6.1865,16,loss,0.45,8,0.13
43,2,2,RahulMCTS,1.2286,4,6.1865,16,win,0.0333,4,0.7175
43,2,3,Heuristic,1.2286,4,6.1865,16,win,0.34,9,0.826
43,2,4,RahulMCTS,1.2286,4,6.1865,16,win,0.0333,4,0.7175
43,2,5,Vanilla,1.2286,4,6.1865,16,win,0.2067,7,0.781
43,2,6,Heuristic,1.2286,4,6.1865,16,loss,0.5267,17,0.229
43,2,7,RahulMCTS,1.2286,4,6.1865,16,win,0.03,4,0.717
43,2,8,RahulMCTS,1.2286,4,6.1865,16,win,0.0067,3,0.701
43,2,9,Heuristic,1.2286,4,6.1865,16,loss,0.6033,10,0.178
43,2,10,RahulMCTS,1.2286,4,6.1865,16,win,0.0333,3,0.705
43,2,11,Vanilla,1.2286,4,6.1865,16,loss,0.13,5,0.0445
43,2,12,Heuristic,1.2286,4,6.1865,16,win,0.3867,11,0.858
43,2,13,Vanilla,1.2286,4,6.1865,16,win,0.2533,8,0.8005
43,2,14,Heuristic,1.2286,4,6.1865,16,win,0.2133,7,0.782
43,2,15,Vanilla,1.2286,4,6.1865,16,win,0.17,6,0.763
43,2,16,Vanilla,1.2286,4,6.1865,16,win,0.32,9,0.823
43,2,17,Vanilla,1.2286,4,6.1865,16,win,0.5267,14,0.9165
43,2,18,RahulMCTS,1.2286,4,6.1865,16,win,0.0567,4,0.721
43,2,19,RahulMCTS,1.2286,4,6.1865,16,win,0.0067,3,0.701
44,6,0,Vanilla,1.1978,8,6.2686,22,loss,0.5133,15,0.227
44,6,1,Heuristic,1.1978,8,6.2686,22,loss,0.0733,3,0.011
44,6,2,Heuristic,1.1978,8,6.2686,22,win,0.1933,7,0.779
44,6,3,Vanilla,1.1978,8,6.2686,22,loss,0.06,4,0.0215
44,6,4,RahulMCTS,1.1978,8,6.2686,22,win,0.0433,4,0.719
44,6,5,Vanilla,1.1978,8,6.2686,22,win,0.3067,8,0.8085
44,6,6,Vanilla,1.1978,8,6.2686,22,win,0.49,11,0.8735
44,6,7,Vanilla,1.1978,8,6.2686,22,draw,0.4567,9,0.1435
44,6,8,Vanilla,1.1978,8,6.2686,22,loss,0.1667,4,0.0375
44,6,9,Heuristic,1.1978,8,6.2686,22,loss,0.41,10,0.149
44,6,10,RahulMCTS,1.1978,8,6.2686,22,win,0.0067,3,0.701
44,6,11,RahulMCTS,1.1978,8,6.2686,22,win,0.0067,3,0.701
44,6,12,RahulMCTS,1.1978,8,6.2686,22,win,0.0333,3,0.705
44,6,13,RahulMCTS,1.1978,8,6.2686,22,win,0.0333,4,0.7175
44,6,14,Vanilla,1.1978,8,6.2686,22,win,0.23,11,0.8345
44,6,15,Vanilla,1.1978,8,6.2686,22,loss,0.19,5,0.0535
44,6,16,RahulMCTS,1.1978,8,6.2686,22,win,0.06,6,0.7465
44,6,17,RahulMCTS,1.1978,8,6.2686,22,win,0.0333,3,0.705
44,6,18,Heuristic,1.1978,8,6.2686,22,loss,0.4233,5,0.0885
44,6,19,Vanilla,1.1978,8,6.2686,22,win,0.56,15,0.934
40,3,0,Vanilla,1.2326,4,7.0549,25,win,0.2933,9,0.819
40,3,1,RahulMCTS,1.2326,4,7.0549,25,win,0.04,4,0.7185
40,3,2,Vanilla,1.2326,4,7.0549,25,loss,0.4833,7,0.1225
40,3,3,Heuristic,1.2326,4,7.0549,25,loss,0.1733,4,0.0385
40,3,4,Heuristic,1.2326,4,7.0549,25,win,0.2667,9,0.815
40,3,5,Vanilla,1.2326,4,7.0549,25,win,0.11,5,0.7415
40,3,6,Vanilla,1.2326,4,7.0549,25,win,0.18,8,0.7895
40,3,7,Heuristic,1.2326,4,7.0549,25,win,0.56,15,0.934
40,3,8,Heuristic,1.2326,4,7.0549,25,win,0.46,13,0.894
40,3,9,Vanilla,1.2326,4,7.0549,25,win,0.3767,9,0.8315
40,3,10,Heuristic,1.2326,4,7.0549,25,loss,0.4733,9,0.146
40,3,11,RahulMCTS,1.2326,4,7.0549,25,win,0.0333,3,0.705
40,3,12,Heuristic,1.2326,4,7.0549,25,win,0.5933,17,0.939
40,3,13,Vanilla,1.2326,4,7.0549,25,loss,0.4833,9,0.1475
40,3,14,Vanilla,1.2326,4,7.0549,25,win,0.3733,12,0.8685
40,3,15,RahulMCTS,1.2326,4,7.0549,25,win,0.0567,5,0.7335
40,3,16,Heuristic,1.2326,4,7.0549,25,loss,0.54,14,0.2185
40,3,17,Heuristic,1.2326,4,7.0549,25,loss,0.3867,8,0.1205
40,3,18,Heuristic,1.2326,4,7.0549,25,loss,0.31,9,0.1215
40,3,19,Vanilla,1.2326,4,7.0549,25,loss,0.1133,5,0.042
46,1,0,Heuristic,1.2202,8,9.7331,9,win,0.1933,8,0.7915
46,1,1,Heuristic,1.2202,8,9.7331,9,loss,0.18,5,0.052
46,1,2,Vanilla,1.2202,8,9.7331,9,win,0.4767,12,0.884
46,1,3,RahulMCTS,1.2202,8,9.7331,9,win,0.0333,3,0.705
46,1,4,Heuristic,1.2202,8,9.7331,9,win,0.5867,24,0.938
46,1,5,RahulMCTS,1.2202,8,9.7331,9,win,0.0233,3,0.7035
46,1,6,Vanilla,1.2202,8,9.7331,9,win,0.2967,8,0.807
46,1,7,RahulMCTS,1.2202,8,9.7331,9,win,0.0067,3,0.701
46,1,8,Vanilla,1.2202,8,9.7331,9,loss,0.34,6,0.0885
46,1,9,Vanilla,1.2202,8,9.7331,9,loss,0.08,4,0.0245
46,1,10,Heuristic,1.2202,8,9.7331,9,loss,0.2533,9,0.113
46,1,11,Heuristic,1.2202,8,9.7331,9,loss,0.1067,3,0.016
46,1,12,Heuristic,1.2202,8,9.7331,9,loss,0.14,4,0.0335
46,1,13,Heuristic,1.2202,8,9.7331,9,win,0.47,14,0.908
46,1,14,RahulMCTS,1.2202,8,9.7331,9,win,0.0467,5,0.732
46,1,15,RahulMCTS,1.2202,8,9.7331,9,win,0.03,3,0.7045
46,1,16,Vanilla,1.2202,8,9.7331,9,win,0.4533,9,0.843
46,1,17,RahulMCTS,1.2202,8,9.7331,9,win,0.0067,3,0.701
46,1,18,RahulMCTS,1.2202,8,9.7331,9,win,0.0367,3,0.7055
46,1,19,RahulMCTS,1.2202,8,9.7331,9,win,0.0067,3,0.701
45,7,0,Vanilla,1.2526,8,6.2087,9,win,0.3133,7,0.797
45,7,1,RahulMCTS,1.2526,8,6.2087,9,win,0.05,4,0.72
45,7,2,Vanilla,1.2526,8,6.2087,9,loss,0.9833,13,0.2725
45,7,3,Vanilla,1.2526,8,6.2087,9,loss,0.2733,6,0.0785
45,7,4,RahulMCTS,1.2526,8,6.2087,9,win,0.0333,4,0.7175
45,7,5,Heuristic,1.2526,8,6.2087,9,loss,0.36,8,0.1165
45,7,6,RahulMCTS,1.2526,8,6.2087,9,win,0.0333,3,0.705
45,7,7,Vanilla,1.2526,8,6.2087,9,draw,0.1933,8,0.0915
45,7,8,RahulMCTS,1.2526,8,6.2087,9,win,0.0233,3,0.7035
45,7,9,RahulMCTS,1.2526,8,6.2087,9,win,0.0067,3,0.701
45,7,10,Vanilla,1.2526,8,6.2087,9,loss,0.06,4,0.0215
45,7,11,Heuristic,1.2526,8,6.2087,9,loss,0.58,18,0.237
45,7,12,Heuristic,1.2526,8,6.2087,9,loss,0.41,11,0.1615
45,7,13,Heuristic,1.2526,8,6.2087,9,win,0.32,9,0.823
45,7,14,Vanilla,1.2526,8,6.2087,9,win,0.3433,12,0.864
45,7,15,Heuristic,1.2526,8,6.2087,9,loss,0.0733,4,0.0235
45,7,16,Heuristic,1.2526,8,6.2087,9,loss,0.06,3,0.009
45,7,17,Heuristic,1.2526,8,6.2087,9,loss,0.5267,12,0.1915
45,7,18,Heuristic,1.2526,8,6.2087,9,loss,0.06,3,0.009
45,7,19,RahulMCTS,1.2526,8,6.2087,9,win,0.0333,3,0.705
47,4,0,Heuristic,0.9948,7,2.7915,9,win,0.6567,18,0.9485
47,4,1,RahulMCTS,0.9948,7,2.7915,9,win,0.0167,3,0.7025
47,4,2,Heuristic,0.9948,7,2.7915,9,win,0.46,12,0.8815
47,4,3,Vanilla,0.9948,7,2.7915,9,loss,0.6867,14,0.2405
47,4,4,Vanilla,0.9948,7,2.7915,9,win,0.6133,12,0.9045
47,4,5,RahulMCTS,0.9948,7,2.7915,9,win,0.0433,4,0.719
47,4,6,RahulMCTS,0.9948,7,2.7915,9,win,0.0533,5,0.733
47,4,7,Heuristic,0.9948,7,2.7915,9,win,0.2467,6,0.7745
47,4,8,RahulMCTS,0.9948,7,2.7915,9,win,0.0067,3,0.701
47,4,9,Vanilla,0.9948,7,2.7915,9,win,0.4,11,0.86
47,4,10,RahulMCTS,0.9948,7,2.7915,9,win,0.02,3,0.703
47,4,11,Heuristic,0.9948,7,2.7915,9,win,0.4667,10,0.8575
47,4,12,Vanilla,0.9948,7,2.7915,9,win,0.0767,5,0.7365
47,4,13,Heuristic,0.9948,7,2.7915,9,loss,0.08,3,0.012
47,4,14,RahulMCTS,0.9948,7,2.7915,9,win,0.0067,3,0.701
47,4,15,Vanilla,0.9948,7,2.7915,9,win,0.4667,14,0.9075
47,4,16,Heuristic,0.9948,7,2.7915,9,win,0.2733,9,0.816
47,4,17,RahulMCTS,0.9948,7,2.7915,9,win,0.01,3,0.7015
47,4,18,RahulMCTS,0.9948,7,2.7915,9,win,0.0067,3,0.701
47,4,19,Heuristic,0.9948,7,2.7915,9,win,0.4133,13,0.887
50,2,0,Heuristic,1.7655,8,8.8922,23,loss,0.4167,8,0.125
50,2,1,Heuristic,1.7655,8,8.8922,23,win,0.2133,9,0.807
50,2,2,RahulMCTS,1.7655,8,8.8922,23,win,0.05,4,0.72
50,2,3,RahulMCTS,1.7655,8,8.8922,23,win,0.0133,3,0.702
50,2,4,Vanilla,1.7655,8,8.8922,23,win,0.2367,8,0.798
50,2,5,Vanilla,1.7655,8,8.8922,23,win,0.1533,8,0.7855
50,2,6,Vanilla,1.7655,8,8.8922,23,win,0.46,9,0.844
50,2,7,RahulMCTS,1.7655,8,8.8922,23,win,0.0333,3,0.705
50,2,8,Heuristic,1.7655,8,8.8922,23,win,0.38,13,0.882
50,2,9,Vanilla,1.7655,8,8.8922,23,win,0.6433,14,0.934
50,2,10,Heuristic,1.7655,8,8.8922,23,loss,0.4167,10,0.15
50,2,11,RahulMCTS,1.7655,8,8.8922,23,win,0.0067,3,0.701
50,2,12,Heuristic,1.7655,8,8.8922,23,win,0.2733,8,0.8035
50,2,13,Vanilla,1.7655,8,8.8922,23,win,0.2867,9,0.818
50,2,14,RahulMCTS,1.7655,8,8.8922,23,win,0.0333,5,0.73
50,2,15,Heuristic,1.7655,8,8.8922,23,win,0.4333,11,0.865
50,2,16,Heuristic,1.7655,8,8.8922,23,loss,0.0533,3,0.008
50,2,17,RahulMCTS,1.7655,8,8.8922,23,win,0.0067,3,0.701
50,2,18,RahulMCTS,1.7655,8,8.8922,23,win,0.05,4,0.72
50,2,19,RahulMCTS,1.7655,8,8.8922,23,win,0.0067,3,0.701
49,5,0,RahulMCTS,1.6438,7,9.4638,16,win,0.0233,3,0.7035
49,5,1,Vanilla,1.6438,7,9.4638,16,win,0.26,8,0.8015
49,5,2,Vanilla,1.6438,7,9.4638,16,win,0.3667,11,0.855
49,5,3,Vanilla,1.6438,7,9.4638,16,win,0.2733,10,0.8285
49,5,4,Heuristic,1.6438,7,9.4638,16,loss,0.3267,12,0.1615
49,5,5,Vanilla,1.6438,7,9.4638,16,win,0.3067,12,0.8585
49,5,6,Vanilla,1.6438,7,9.4638,16,win,0.7333,19,0.96
49,5,7,Heuristic,1.6438,7,9.4638,16,win,0.3067,9,0.821
49,5,8,Heuristic,1.6438,7,9.4638,16,win,0.24,7,0.786
49,5,9,RahulMCTS,1.6438,7,9.4638,16,win,0.0333,4,0.7175
49,5,10,Heuristic,1.6438,7,9.4638,16,loss,0.3033,5,0.0705
49,5,11,RahulMCTS,1.6438,7,9.4638,16,win,0.0067,3,0.701
49,5,12,Heuristic,1.6438,7,9.4638,16,win,0.3467,6,0.7895
49,5,13,RahulMCTS,1.6438,7,9.4638,16,win,0.0333,3,0.705
49,5,14,RahulMCTS,1.6438,7,9.4638,16,win,0.0067,3,0.701
49,5,15,Heuristic,1.6438,7,9.4638,16,draw,0.33,6,0.087
49,5,16,RahulMCTS,1.6438,7,9.4638,16,win,0.0333,3,0.705
49,5,17,Heuristic,1.6438,7,9.4638,16,win,0.5133,14,0.9145
49,5,18,RahulMCTS,1.6438,7,9.4638,16,win,0.0333,4,0.7175
49,5,19,Heuristic,1.6438,7,9.4638,16,loss,0.06,4,0.0215
51,6,0,Vanilla,1.6409,7,9.4351,24,win,0.21,7,0.7815
51,6,1,Vanilla,1.6409,7,9.4351,24,win,0.67,9,0.8755
51,6,2,Heuristic,1.6409,7,9.4351,24,loss,0.0533,3,0.008
51,6,3,Heuristic,1.6409,7,9.4351,24,win,0.22,7,0.783
51,6,4,Heuristic,1.6409,7,9.4351,24,loss,0.3133,13,0.172
51,6,5,RahulMCTS,1.6409,7,9.4351,24,win,0.0067,4,0.7135
51,6,6,Vanilla,1.6409,7,9.4351,24,win,0.46,11,0.869
51,6,7,Vanilla,1.6409,7,9.4351,24,loss,0.43,7,0.1145
51,6,8,Vanilla,1.6409,7,9.4351,24,loss,0.7933,18,0.269
51,6,9,RahulMCTS,1.6409,7,9.4351,24,win,0.0267,3,0.704
51,6,10,Heuristic,1.6409,7,9.4351,24,loss,0.2967,9,0.1195
51,6,11,Heuristic,1.6409,7,9.4351,24,win,0.3267,9,0.824
51,6,12,RahulMCTS,1.6409,7,9.4351,24,win,0.0333,3,0.705
51,6,13,Vanilla,1.6409,7,9.4351,24,loss,0.21,6,0.069
51,6,14,Vanilla,1.6409,7,9.4351,24,win,0.2033,6,0.768
51,6,15,Heuristic,1.6409,7,9.4351,24,win,0.4867,12,0.8855
51,6,16,Heuristic,1.6409,7,9.4351,24,win,0.32,10,0.8355
51,6,17,Vanilla,1.6409,7,9.4351,24,win,0.2667,8,0.8025
51,6,18,Heuristic,1.6409,7,9.4351,24,loss,0.0933,3,0.014
51,6,19,RahulMCTS,1.6409,7,9.4351,24,win,0.0067,3,0.701
48,0,0,Heuristic,1.6821,7,9.5291,23,win,0.61,26,0.9415
48,0,1,Vanilla,1.6821,7,9.5291,23,win,0.6033,14,0.928
48,0,2,Heuristic,1.6821,7,9.5291,23,win,0.5133,12,0.8895
48,0,3,Vanilla,1.6821,7,9.5291,23,win,0.3433,7,0.8015
48,0,4,Vanilla,1.6821,7,9.5291,23,win,0.37,9,0.8305
48,0,5,Vanilla,1.6821,7,9.5291,23,loss,0.26,7,0.089
48,0,6,Heuristic,1.6821,7,9.5291,23,win,0.44,13,0.891
48,0,7,Vanilla,1.6821,7,9.5291,23,loss,0.17,5,0.0505
48,0,8,RahulMCTS,1.6821,7,9.5291,23,win,0.0067,4,0.7135
48,0,9,Heuristic,1.6821,7,9.5291,23,win,0.4367,13,0.8905
48,0,10,Heuristic,1.6821,7,9.5291,23,win,0.4867,13,0.898
48,0,11,Vanilla,1.6821,7,9.5291,23,win,0.5233,13,0.9035
48,0,12,Vanilla,1.6821,7,9.5291,23,loss,0.4567,8,0.131
48,0,13,RahulMCTS,1.6821,7,9.5291,23,win,0.0333,4,0.7175
48,0,14,Vanilla,1.6821,7,9.5291,23,win,0.3733,12,0.8685
48,0,15,RahulMCTS,1.6821,7,9.5291,23,win,0.0067,3,0.701
48,0,16,Vanilla,1.6821,7,9.5291,23,win,0.2333,8,0.7975
48,0,17,RahulMCTS,1.6821,7,9.5291,23,win,0.0333,3,0.705
48,0,18,Vanilla,1.6821,7,9.5291,23,win,0.34,8,0.8135
48,0,19,Heuristic,1.6821,7,9.5291,23,win,0.34,10,0.8385
53,1,0,Heuristic,1.6493,12,8.8875,23,loss,0.1967,3,0.0295
53,1,1,Vanilla,1.6493,12,8.8875,23,win,0.44,11,0.866
53,1,2,Vanilla,1.6493,12,8.8875,23,win,0.4033,11,0.8605
53,1,3,Vanilla,1.6493,12,8.8875,23,loss,0.12,6,0.0555
53,1,4,Vanilla,1.6493,12,8.8875,23,win,0.58,13,0.912
53,1,5,Vanilla,1.6493,12,8.8875,23,win,0.2367,9,0.8105
53,1,6,Heuristic,1.6493,12,8.8875,23,loss,0.4567,11,0.1685
53,1,7,Vanilla,1.6493,12,8.8875,23,win,0.1067,5,0.741
53,1,8,RahulMCTS,1.6493,12,8.8875,23,win,0.0067,3,0.701
53,1,9,RahulMCTS,1.6493,12,8.8875,23,win,0.2567,6,0.776
53,1,10,Heuristic,1.6493,12,8.8875,23,loss,0.6067,13,0.216
53,1,11,RahulMCTS,1.6493,12,8.8875,23,win,0.0567,4,0.721
53,1,12,RahulMCTS,1.6493,12,8.8875,23,win,0.0067,3,0.701
53,1,13,Vanilla,1.6493,12,8.8875,23,loss,0.2967,9,0.1195
53,1,14,RahulMCTS,1.6493,12,8.8875,23,win,0.0333,4,0.7175
53,1,15,Vanilla,1.6493,12,8.8875,23,win,0.3333,7,0.8
53,1,16,Vanilla,1.6493,12,8.8875,23,win,0.28,5,0.767
53,1,17,Heuristic,1.6493,12,8.8875,23,loss,0.3667,14,0.1925
53,1,18,Heuristic,1.6493,12,8.8875,23,win,0.3233,7,0.7985
53,1,19,RahulMCTS,1.6493,12,8.8875,23,win,0.0333,3,0.705
52,3,0,RahulMCTS,1.633,8,9.3348,16,win,0.0333,4,0.7175
52,3,1,Vanilla,1.633,8,9.3348,16,win,0.2933,8,0.8065
52,3,2,Heuristic,1.633,8,9.3348,16,loss,0.06,4,0.0215
52,3,3,Vanilla,1.633,8,9.3348,16,win,0.31,7,0.7965
52,3,4,Heuristic,1.633,8,9.3348,16,loss,0.0533,3,0.008
52,3,5,Heuristic,1.633,8,9.3348,16,win,0.2067,8,0.7935
52,3,6,Heuristic,1.633,8,9.3348,16,loss,0.3967,5,0.0845
52,3,7,RahulMCTS,1.633,8,9.3348,16,win,0.0167,3,0.7025
52,3,8,Heuristic,1.633,8,9.3348,16,loss,0.5067,18,0.226
52,3,9,Heuristic,1.633,8,9.3348,16,win,0.35,9,0.8275
52,3,10,Vanilla,1.633,8,9.3348,16,loss,0.4367,7,0.1155
52,3,11,Vanilla,1.633,8,9.3348,16,loss,0.0733,3,0.011
52,3,12,Heuristic,1.633,8,9.3348,16,loss,0.6667,22,0.25
52,3,13,RahulMCTS,1.633,8,9.3348,16,win,0.0333,3,0.705
52,3,14,Vanilla,1.633,8,9.3348,16,loss,1.0033,18,0.3005
52,3,15,Vanilla,1.633,8,9.3348,16,win,0.53,9,0.8545
52,3,16,RahulMCTS,1.633,8,9.3348,16,win,0.0333,3,0.705
52,3,17,Vanilla,1.633,8,9.3348,16,win,0.2,7,0.78
52,3,18,Vanilla,1.633,8,9.3348,16,win,0.3367,8,0.813
52,3,19,RahulMCTS,1.633,8,9.3348,16,win,0.0533,5,0.733
54,7,0,Vanilla,1.7307,7,2.7497,23,win,0.4733,12,0.8835
54,7,1,Heuristic,1.7307,7,2.7497,23,win,0.42,12,0.8755
54,7,2,Heuristic,1.7307,7,2.7497,23,loss,0.06,3,0.009
54,7,3,Vanilla,1.7307,7,2.7497,23,win,0.6233,10,0.881
54,7,4,Heuristic,1.7307,7,2.7497,23,win,0.58,19,0.937
54,7,5,Heuristic,1.7307,7,2.7497,23,win,0.42,9,0.838
54,7,6,Vanilla,1.7307,7,2.7497,23,win,0.34,10,0.8385
54,7,7,Vanilla,1.7307,7,2.7497,23,win,0.4233,8,0.826
54,7,8,Heuristic,1.7307,7,2.7497,23,loss,0.3467,7,0.102
54,7,9,Vanilla,1.7307,7,2.7497,23,win,0.2267,7,0.784
54,7,10,Heuristic,1.7307,7,2.7497,23,win,0.6167,14,0.93
54,7,11,RahulMCTS,1.7307,7,2.7497,23,win,0.0067,3,0.701
54,7,12,Heuristic,1.7307,7,2.7497,23,win,0.2933,6,0.7815
54,7,13,Vanilla,1.7307,7,2.7497,23,loss,0.06,4,0.0215
54,7,14,RahulMCTS,1.7307,7,2.7497,23,win,0.0333,4,0.7175
54,7,15,RahulMCTS,1.7307,7,2.7497,23,win,0.0633,4,0.722
54,7,16,Heuristic,1.7307,7,2.7497,23,win,0.54,22,0.931
54,7,17,RahulMCTS,1.7307,7,2.7497,23,win,0.0333,3,0.705
54,7,18,Vanilla,1.7307,7,2.7497,23,win,0.51,10,0.864
54,7,19,RahulMCTS,1.7307,7,2.7497,23,win,0.0067,3,0.701
55,2,0,Heuristic,0.8721,7,3.0897,5,loss,0.0933,4,0.0265
55,2,1,RahulMCTS,0.8721,7,3.0897,5,win,0.0567,4,0.721
55,2,2,Vanilla,0.8721,7,3.0897,5,loss,0.0867,4,0.0255
55,2,3,Vanilla,0.8721,7,3.0897,5,loss,0.41,6,0.099
55,2,4,Heuristic,0.8721,7,3.0897,5,loss,0.2967,8,0.107
55,2,5,Vanilla,0.8721,7,3.0897,5,win,0.3,7,0.795
55,2,6,Heuristic,0.8721,7,3.0897,5,win,0.2933,11,0.844
55,2,7,RahulMCTS,0.8721,7,3.0897,5,win,0.0533,4,0.7205
55,2,8,RahulMCTS,0.8721,7,3.0897,5,win,0.0767,4,0.724
55,2,9,RahulMCTS,0.8721,7,3.0897,5,win,0.0333,3,0.705
55,2,10,Vanilla,0.8721,7,3.0897,5,loss,0.1433,4,0.034
55,2,11,RahulMCTS,0.8721,7,3.0897,5,win,0.0333,3,0.705
55,2,12,Heuristic,0.8721,7,3.0897,5,win,0.9867,31,0.998
55,2,13,Vanilla,0.8721,7,3.0897,5,loss,0.28,7,0.092
55,2,14,RahulMCTS,0.8721,7,3.0897,5,win,0.0333,4,0.7175
55,2,15,Heuristic,0.8721,7,3.0897,5,win,0.2,7,0.78
55,2,16,Vanilla,0.8721,7,3.0897,5,loss,0.53,15,0.2295
55,2,17,RahulMCTS,0.8721,7,3.0897,5,win,0.0333,4,0.7175
55,2,18,Vanilla,0.8721,7,3.0897,5,win,0.3133,10,0.8345
55,2,19,RahulMCTS,0.8721,7,3.0897,5,win,0.0567,3,0.7085
56,0,0,Heuristic,1.0857,12,2.8092,5,win,0.7633,14,0.952
56,0,1,Vanilla,1.0857,12,2.8092,5,win,0.45,9,0.8425
56,0,2,Vanilla,1.0857,12,2.8092,5,loss,0.0667,4,0.0225
56,0,3,RahulMCTS,1.0857,12,2.8092,5,win,0.0067,3,0.701
56,0,4,RahulMCTS,1.0857,12,2.8092,5,win,0.0067,3,0.701
56,0,5,Vanilla,1.0857,12,2.8092,5,win,0.4267,11,0.864
56,0,6,Vanilla,1.0857,12,2.8092,5,win,0.21,5,0.7565
56,0,7,Heuristic,1.0857,12,2.8092,5,loss,0.2367,4,0.048
56,0,8,Heuristic,1.0857,12,2.8092,5,loss,0.6133,16,0.242
56,0,9,Heuristic,1.0857,12,2.8092,5,loss,0.2167,5,0.0575
56,0,10,RahulMCTS,1.0857,12,2.8092,5,win,0.0333,3,0.705
56,0,11,Vanilla,1.0857,12,2.8092,5,loss,0.0933,3,0.014
56,0,12,Heuristic,1.0857,12,2.8092,5,win,0.4267,10,0.8515
56,0,13,RahulMCTS,1.0857,12,2.8092,5,win,0.0067,3,0.701
56,0,14,Vanilla,1.0857,12,2.8092,5,win,0.1567,4,0.736
56,0,15,Heuristic,1.0857,12,2.8092,5,win,0.1933,9,0.804
56,0,16,RahulMCTS,1.0857,12,2.8092,5,win,0.0333,3,0.705
56,0,17,Heuristic,1.0857,12,2.8092,5,loss,0.2933,7,0.094
56,0,18,RahulMCTS,1.0857,12,2.8092,5,win,0.0067,3,0.701
56,0,19,RahulMCTS,1.0857,12,2.8092,5,win,0.0333,4,0.7175
57,3,0,RahulMCTS,1.0012,9,3.0806,5,win,0.0333,3,0.705
57,3,1,Vanilla,1.0012,9,3.0806,5,win,0.1033,3,0.7155
57,3,2,Heuristic,1.0012,9,3.0806,5,loss,0.25,5,0.0625
57,3,3,RahulMCTS,1.0012,9,3.0806,5,win,0.0367,4,0.718
57,3,4,Vanilla,1.0012,9,3.0806,5,win,0.6567,11,0.8985
57,3,5,Heuristic,1.0012,9,3.0806,5,loss,0.06,3,0.009
57,3,6,Vanilla,1.0012,9,3.0806,5,loss,0.08,3,0.012
57,3,7,Heuristic,1.0012,9,3.0806,5,loss,0.18,4,0.0395
57,3,8,Vanilla,1.0012,9,3.0806,5,win,0.17,7,0.7755
57,3,9,Heuristic,1.0012,9,3.0806,5,win,0.8733,22,0.981
57,3,10,Vanilla,1.0012,9,3.0806,5,loss,0.09,4,0.026
57,3,11,Heuristic,1.0012,9,3.0806,5,draw,0.17,4,0.038
57,3,12,Vanilla,1.0012,9,3.0806,5,loss,0.06,3,0.009
57,3,13,Heuristic,1.0012,9,3.0806,5,win,0.2767,9,0.8165
57,3,14,RahulMCTS,1.0012,9,3.0806,5,win,0.0733,3,0.711
57,3,15,RahulMCTS,1.0012,9,3.0806,5,win,0.0333,3,0.705
57,3,16,Vanilla,1.0012,9,3.0806,5,win,0.3567,11,0.8535
57,3,17,Vanilla,1.0012,9,3.0806,5,loss,0.3133,4,0.0595
57,3,18,Heuristic,1.0012,9,3.0806,5,win,0.65,23,0.9475
57,3,19,RahulMCTS,1.0012,9,3.0806,5,win,0.0433,4,0.719
59,3,0,Heuristic,0.6286,7,10.75,21,win,0.1933,4,0.7415
59,3,1,Heuristic,0.6286,7,10.75,21,loss,0.14,4,0.0335
59,3,2,Heuristic,0.6286,7,10.75,21,loss,0.1,3,0.015
59,3,3,RahulMCTS,0.6286,7,10.75,21,win,0.0333,5,0.73
59,3,4,Heuristic,0.6286,7,10.75,21,loss,0.0867,4,0.0255
59,3,5,Vanilla,0.6286,7,10.75,21,win,0.1567,6,0.761
59,3,6,Vanilla,0.6286,7,10.75,21,win,0.3033,11,0.8455
59,3,7,RahulMCTS,0.6286,7,10.75,21,win,0.0067,3,0.701
59,3,8,RahulMCTS,0.6286,7,10.75,21,win,0.0067,3,0.701
59,3,9,Vanilla,0.6286,7,10.75,21,win,0.4133,12,0.8745
59,3,10,Heuristic,0.6286,7,10.75,21,loss,0.1333,7,0.07
59,3,11,Vanilla,0.6286,7,10.75,21,win,0.5033,17,0.9255
59,3,12,Vanilla,0.6286,7,10.75,21,win,0.1067,5,0.741
59,3,13,RahulMCTS,0.6286,7,10.75,21,win,0.0333,4,0.7175
59,3,14,Heuristic,0.6286,7,10.75,21,loss,0.53,15,0.2295
59,3,15,RahulMCTS,0.6286,7,10.75,21,win,0.0733,3,0.711
59,3,16,Vanilla,0.6286,7,10.75,21,loss,0.16,6,0.0615
59,3,17,Heuristic,0.6286,7,10.75,21,win,0.48,11,0.872
59,3,18,RahulMCTS,0.6286,7,10.75,21,win,0.09,5,0.7385
59,3,19,RahulMCTS,0.6286,7,10.75,21,win,0.0133,3,0.702
58,0,0,Heuristic,0.5416,9,1.259,21,win,0.4,15,0.91
58,0,1,Vanilla,0.5416,9,1.259,21,win,0.59,20,0.9385
58,0,2,Heuristic,0.5416,9,1.259,21,loss,0.06,3,0.009
58,0,3,Vanilla,0.5416,9,1.259,21,win,0.21,7,0.7815
58,0,4,Heuristic,0.5416,9,1.259,21,loss,0.27,6,0.078
58,0,5,Vanilla,0.5416,9,1.259,21,loss,0.4233,10,0.151
58,0,6,Vanilla,0.5416,9,1.259,21,win,0.6633,15,0.9495
58,0,7,Vanilla,0.5416,9,1.259,21,win,0.2533,8,0.8005
58,0,8,Vanilla,0.5416,9,1.259,21,win,0.92,20,0.988
58,0,9,Vanilla,0.5416,9,1.259,21,win,0.49,13,0.8985
58,0,10,RahulMCTS,0.5416,9,1.259,21,win,0.0333,3,0.705
58,0,11,Vanilla,0.5416,9,1.259,21,win,0.35,10,0.84
58,0,12,Heuristic,0.5416,9,1.259,21,win,0.47,15,0.9205
58,0,13,Heuristic,0.5416,9,1.259,21,win,0.4533,15,0.918
58,0,14,Vanilla,0.5416,9,1.259,21,win,0.4833,13,0.8975
58,0,15,RahulMCTS,0.5416,9,1.259,21,win,0.0533,4,0.7205
58,0,16,Vanilla,0.5416,9,1.259,21,loss,0.15,6,0.06
58,0,17,RahulMCTS,0.5416,9,1.259,21,win,0.0333,4,0.7175
58,0,18,Vanilla,0.5416,9,1.259,21,win,0.1967,8,0.792
58,0,19,Vanilla,0.5416,9,1.259,21,loss,0.1067,4,0.0285
